price_numeric,discount_percent,rating,reviews_count,title_length,has_description,has_discount,has_rating,high_rating,hour,day_of_week,month,website_encoded,category_encoded,deal_quality_score
0.0,0.0,0.0,0.0,63,0,0,0,0,10,0,10,0,9,0.0
0.0,0.0,0.0,0.0,75,0,0,0,0,10,0,10,0,9,0.0
0.0,0.0,0.0,0.0,30,0,0,0,0,10,0,10,0,31,0.0
0.0,0.0,0.0,0.0,57,0,0,0,0,10,0,10,0,9,0.0
0.0,0.0,0.0,0.0,109,0,0,0,0,10,0,10,0,9,0.0
0.0,0.0,0.0,0.0,90,0,0,0,0,10,0,10,0,9,0.0
0.0,0.0,0.0,0.0,61,0,0,0,0,10,0,10,0,9,0.0
0.0,0.0,0.0,0.0,91,0,0,0,0,10,0,10,0,9,0.0
0.0,0.0,0.0,0.0,71,0,0,0,0,10,0,10,0,9,0.0
0.0,0.0,0.0,0.0,39,0,0,0,0,10,0,10,0,9,0.0
0.0,0.0,0.0,0.0,90,0,0,0,0,10,0,10,0,9,0.0
0.0,0.0,0.0,0.0,30,0,0,0,0,10,0,10,0,0,0.0
219.0,0.0,0.0,0.0,93,0,0,0,0,10,0,10,1,26,0.0
109.99,0.0,0.0,0.0,100,0,0,0,0,10,0,10,1,26,0.0
89.99,0.0,0.0,0.0,66,0,0,0,0,10,0,10,1,6,0.0
8.99,0.0,0.0,0.0,69,0,0,0,0,10,0,10,1,13,0.0
355.0,0.0,0.0,0.0,90,0,0,0,0,10,0,10,1,13,0.0
279.0,0.0,0.0,0.0,82,0,0,0,0,10,0,10,1,13,0.0
99.99,0.0,0.0,0.0,94,0,0,0,0,10,0,10,1,15,0.0
159.0,0.0,0.0,0.0,100,0,0,0,0,10,0,10,1,15,0.0
158.0,0.0,0.0,0.0,97,0,0,0,0,10,0,10,1,18,0.0
107.24,0.0,0.0,0.0,89,0,0,0,0,10,0,10,1,18,0.0
150.05,0.0,0.0,0.0,100,0,0,0,0,10,0,10,1,10,0.0
130.0,0.0,0.0,0.0,84,0,0,0,0,10,0,10,1,8,0.0
219.0,0.0,0.0,0.0,100,0,0,0,0,10,0,10,1,8,0.0
288.15,0.0,0.0,0.0,68,0,0,0,0,10,0,10,1,19,0.0
37.59,0.0,0.0,0.0,100,0,0,0,0,10,0,10,1,19,0.0
292.69,0.0,0.0,0.0,83,0,0,0,0,10,0,10,1,26,0.0
104.0,0.0,0.0,0.0,99,0,0,0,0,10,0,10,1,11,0.0
149.0,0.0,0.0,0.0,100,0,0,0,0,10,0,10,1,11,0.0
449.99,0.0,0.0,0.0,89,0,0,0,0,10,0,10,1,11,0.0
749.99,0.0,0.0,0.0,81,0,0,0,0,10,0,10,1,11,0.0
899.99,0.0,0.0,0.0,87,0,0,0,0,10,0,10,1,11,0.0
299.0,0.0,0.0,0.0,100,0,0,0,0,10,0,10,1,11,0.0
300.0,0.0,0.0,0.0,73,0,0,0,0,10,0,10,1,11,0.0
139.31,0.0,0.0,0.0,51,0,0,0,0,10,0,10,1,2,0.0
7.99,0.0,0.0,0.0,52,0,0,0,0,10,0,10,1,2,0.0
51.0,0.0,0.0,0.0,100,0,0,0,0,10,0,10,1,2,0.0
19.99,0.0,0.0,0.0,91,0,0,0,0,10,0,10,1,2,0.0
139.0,0.0,0.0,0.0,100,0,0,0,0,10,0,10,1,2,0.0
899.0,0.0,0.0,0.0,77,0,0,0,0,10,0,10,1,27,0.0
9.99,0.0,0.0,0.0,87,0,0,0,0,10,0,10,1,3,0.0
179.99,0.0,0.0,0.0,100,0,0,0,0,10,0,10,1,3,0.0
19.99,0.0,0.0,0.0,65,0,0,0,0,10,0,10,1,3,0.0
217.0,0.0,0.0,0.0,100,0,0,0,0,10,0,10,1,3,0.0
44.16,0.0,0.0,0.0,77,0,0,0,0,10,0,10,1,19,0.0
27.99,0.0,0.0,0.0,100,0,0,0,0,10,0,10,1,3,0.0
107.99,0.0,0.0,0.0,77,0,0,0,0,10,0,10,1,26,0.0
19.97,0.0,0.0,0.0,77,0,0,0,0,10,0,10,1,26,0.0
139.0,0.0,0.0,0.0,96,0,0,0,0,10,0,10,1,26,0.0
19.47,0.0,0.0,0.0,81,0,0,0,0,10,0,10,1,26,0.0
199.0,0.0,0.0,0.0,83,0,0,0,0,10,0,10,1,27,0.0
0.0,0.0,0.0,0.0,30,0,0,0,0,22,5,10,0,31,0.0
0.0,0.0,0.0,0.0,36,0,0,0,0,22,5,10,0,0,0.0
0.0,0.0,0.0,0.0,69,0,0,0,0,22,5,10,0,9,0.0
0.0,0.0,0.0,0.0,55,0,0,0,0,22,5,10,0,9,0.0
0.0,0.0,0.0,0.0,82,0,0,0,0,22,5,10,0,9,0.0
0.0,0.0,0.0,0.0,63,0,0,0,0,22,5,10,0,9,0.0
0.0,0.0,0.0,0.0,82,0,0,0,0,22,5,10,0,9,0.0
0.0,0.0,0.0,0.0,71,0,0,0,0,22,5,10,0,9,0.0
0.0,0.0,0.0,0.0,100,0,0,0,0,22,5,10,0,9,0.0
0.0,0.0,0.0,0.0,102,0,0,0,0,22,5,10,0,9,0.0
0.0,0.0,0.0,0.0,86,0,0,0,0,22,5,10,0,9,0.0
0.0,0.0,0.0,0.0,73,0,0,0,0,22,5,10,0,9,0.0
70.46,0.0,0.0,0.0,100,0,0,0,0,22,5,10,1,3,0.0
199.0,0.0,0.0,0.0,100,0,0,0,0,22,5,10,1,3,0.0
25.02,0.0,0.0,0.0,95,0,0,0,0,22,5,10,1,3,0.0
9.99,0.0,0.0,0.0,100,0,0,0,0,22,5,10,1,3,0.0
642.99,0.0,0.0,0.0,100,0,0,0,0,22,5,10,1,3,0.0
279.0,0.0,0.0,0.0,97,0,0,0,0,22,5,10,1,3,0.0
113.39,0.0,0.0,0.0,65,0,0,0,0,22,5,10,1,3,0.0
6.36,0.0,0.0,0.0,100,0,0,0,0,22,5,10,1,3,0.0
154.0,0.0,0.0,0.0,65,0,0,0,0,22,5,10,1,3,0.0
584.1,0.0,0.0,0.0,91,0,0,0,0,22,5,10,1,3,0.0
16.99,0.0,0.0,0.0,70,0,0,0,0,22,5,10,1,3,0.0
29.99,0.0,0.0,0.0,100,0,0,0,0,22,5,10,1,3,0.0
636.99,0.0,0.0,0.0,100,0,0,0,0,22,5,10,1,3,0.0
30.6,0.0,0.0,0.0,100,0,0,0,0,22,5,10,1,3,0.0
7.99,0.0,0.0,0.0,52,0,0,0,0,22,5,10,1,3,0.0
9.99,0.0,0.0,0.0,80,0,0,0,0,22,5,10,1,26,0.0
15.67,0.0,0.0,0.0,50,0,0,0,0,22,5,10,1,26,0.0
161.0,0.0,0.0,0.0,97,0,0,0,0,22,5,10,1,26,0.0
113.0,0.0,0.0,0.0,100,0,0,0,0,22,5,10,1,26,0.0
259.0,0.0,0.0,0.0,100,0,0,0,0,22,5,10,1,26,0.0
161.0,0.0,0.0,0.0,100,0,0,0,0,22,5,10,1,26,0.0
19.0,0.0,0.0,0.0,97,0,0,0,0,22,5,10,1,26,0.0
999.99,0.0,0.0,0.0,79,0,0,0,0,22,5,10,1,26,0.0
319.0,0.0,0.0,0.0,72,0,0,0,0,22,5,10,1,26,0.0
179.0,0.0,0.0,0.0,69,0,0,0,0,22,5,10,1,26,0.0
161.0,0.0,0.0,0.0,80,0,0,0,0,22,5,10,1,26,0.0
999.99,0.0,0.0,0.0,95,0,0,0,0,22,5,10,1,26,0.0
30.01,0.0,0.0,0.0,100,0,0,0,0,22,5,10,1,26,0.0
4.19,0.0,0.0,0.0,100,0,0,0,0,22,5,10,1,26,0.0
519.99,0.0,0.0,0.0,100,0,0,0,0,22,5,10,1,6,0.0
150.0,0.0,0.0,0.0,99,0,0,0,0,22,5,10,1,13,0.0
114.99,0.0,0.0,0.0,100,0,0,0,0,22,5,10,1,18,0.0
69.99,0.0,0.0,0.0,83,0,0,0,0,22,5,10,1,10,0.0
128.0,0.0,0.0,0.0,74,0,0,0,0,22,5,10,1,10,0.0
175.29,0.0,0.0,0.0,100,0,0,0,0,22,5,10,1,10,0.0
479.99,0.0,0.0,0.0,53,0,0,0,0,22,5,10,1,10,0.0
119.99,0.0,0.0,0.0,70,0,0,0,0,22,5,10,1,10,0.0
849.0,0.0,0.0,0.0,83,0,0,0,0,22,5,10,1,8,0.0
369.0,0.0,0.0,0.0,98,0,0,0,0,22,5,10,1,8,0.0
193.0,0.0,0.0,0.0,99,0,0,0,0,22,5,10,1,8,0.0
159.0,0.0,0.0,0.0,100,0,0,0,0,22,5,10,1,8,0.0
251.48,0.0,0.0,0.0,70,0,0,0,0,22,5,10,1,19,0.0
9.87,0.0,0.0,0.0,100,0,0,0,0,22,5,10,1,19,0.0
34.5,0.0,0.0,0.0,100,0,0,0,0,22,5,10,1,19,0.0
439.0,0.0,0.0,0.0,50,0,0,0,0,22,5,10,1,19,0.0
896.99,0.0,0.0,0.0,94,0,0,0,0,22,5,10,1,13,0.0
999.0,0.0,0.0,0.0,99,0,0,0,0,22,5,10,1,11,0.0
175.0,0.0,0.0,0.0,93,0,0,0,0,22,5,10,1,11,0.0
123.0,0.0,0.0,0.0,100,0,0,0,0,22,5,10,1,11,0.0
3.99,0.0,0.0,0.0,88,0,0,0,0,22,5,10,1,17,0.0
6.99,0.0,0.0,0.0,100,0,0,0,0,22,5,10,1,17,0.0
11.89,0.0,0.0,0.0,100,0,0,0,0,22,5,10,1,17,0.0
9.49,0.0,0.0,0.0,100,0,0,0,0,22,5,10,1,22,0.0
529.0,0.0,0.0,0.0,100,0,0,0,0,22,5,10,1,22,0.0
399.0,0.0,0.0,0.0,75,0,0,0,0,22,5,10,1,2,0.0
27.73,0.0,0.0,0.0,99,0,0,0,0,22,5,10,1,2,0.0
149.0,0.0,0.0,0.0,80,0,0,0,0,22,5,10,1,27,0.0
177.0,0.0,0.0,0.0,100,0,0,0,0,22,5,10,1,27,0.0
0.0,0.0,0.0,0.0,69,0,0,0,0,12,4,10,0,9,0.0
0.0,0.0,0.0,0.0,99,0,0,0,0,12,4,10,0,9,0.0
0.0,0.0,0.0,0.0,65,0,0,0,0,12,4,10,0,9,0.0
0.0,0.0,0.0,0.0,104,0,0,0,0,12,4,10,0,9,0.0
0.0,0.0,0.0,0.0,68,0,0,0,0,12,4,10,0,9,0.0
0.0,0.0,0.0,0.0,116,0,0,0,0,12,4,10,0,9,0.0
0.0,0.0,0.0,0.0,94,0,0,0,0,12,4,10,0,9,0.0
0.0,0.0,0.0,0.0,86,0,0,0,0,12,4,10,0,9,0.0
0.0,0.0,0.0,0.0,64,0,0,0,0,12,4,10,0,9,0.0
0.0,0.0,0.0,0.0,79,0,0,0,0,12,4,10,0,9,0.0
0.0,0.0,0.0,0.0,30,0,0,0,0,12,4,10,0,31,0.0
0.0,0.0,0.0,0.0,16,0,0,0,0,12,4,10,0,25,0.0
0.0,0.0,0.0,0.0,17,0,0,0,0,12,4,10,0,7,0.0
0.0,0.0,0.0,0.0,17,0,0,0,0,12,4,10,0,7,0.0
10.0,0.0,0.0,0.0,66,0,0,0,0,12,4,10,1,3,0.0
449.99,0.0,0.0,0.0,76,0,0,0,0,12,4,10,1,3,0.0
3.99,0.0,0.0,0.0,100,0,0,0,0,12,4,10,1,3,0.0
220.88,0.0,0.0,0.0,90,0,0,0,0,12,4,10,1,3,0.0
489.99,0.0,0.0,0.0,100,0,0,0,0,12,4,10,1,3,0.0
104.0,0.0,0.0,0.0,68,0,0,0,0,12,4,10,1,26,0.0
7.23,0.0,0.0,0.0,100,0,0,0,0,12,4,10,1,26,0.0
649.0,0.0,0.0,0.0,80,0,0,0,0,12,4,10,1,26,0.0
259.0,0.0,0.0,0.0,100,0,0,0,0,12,4,10,1,26,0.0
270.0,0.0,0.0,0.0,89,0,0,0,0,12,4,10,1,13,0.0
679.0,0.0,0.0,0.0,100,0,0,0,0,12,4,10,1,13,0.0
249.99,0.0,0.0,0.0,100,0,0,0,0,12,4,10,1,13,0.0
102.0,0.0,0.0,0.0,100,0,0,0,0,12,4,10,1,10,0.0
159.0,0.0,0.0,0.0,99,0,0,0,0,12,4,10,1,8,0.0
399.99,0.0,0.0,0.0,98,0,0,0,0,12,4,10,1,11,0.0
135.0,0.0,0.0,0.0,90,0,0,0,0,12,4,10,1,11,0.0
699.99,0.0,0.0,0.0,100,0,0,0,0,12,4,10,1,11,0.0
210.0,0.0,0.0,0.0,99,0,0,0,0,12,4,10,1,11,0.0
425.0,0.0,0.0,0.0,88,0,0,0,0,12,4,10,1,11,0.0
799.99,0.0,0.0,0.0,82,0,0,0,0,12,4,10,1,11,0.0
180.0,0.0,0.0,0.0,100,0,0,0,0,12,4,10,1,11,0.0
99.0,0.0,0.0,0.0,82,0,0,0,0,12,4,10,1,22,0.0
699.99,0.0,0.0,0.0,40,0,0,0,0,12,4,10,1,2,0.0
299.99,0.0,0.0,0.0,73,0,0,0,0,12,4,10,1,27,0.0
139.0,0.0,0.0,0.0,84,0,0,0,0,12,4,10,1,27,0.0
127.0,0.0,0.0,0.0,92,0,0,0,0,12,4,10,1,27,0.0
0.0,0.0,0.0,0.0,52,0,0,0,0,21,3,10,1,3,0.0
18.99,0.0,0.0,0.0,79,0,0,0,0,21,3,10,1,3,0.0
55.99,0.0,0.0,0.0,96,0,0,0,0,21,3,10,1,3,0.0
159.0,0.0,0.0,0.0,100,0,0,0,0,21,3,10,1,3,0.0
622.99,0.0,0.0,0.0,100,0,0,0,0,21,3,10,1,3,0.0
3.99,0.0,0.0,0.0,100,0,0,0,0,21,3,10,1,26,0.0
59.99,0.0,0.0,0.0,79,0,0,0,0,21,3,10,1,26,0.0
0.0,0.0,0.0,0.0,40,0,0,0,0,21,3,10,1,26,0.0
139.99,0.0,0.0,0.0,100,0,0,0,0,21,3,10,1,6,0.0
499.99,0.0,0.0,0.0,63,0,0,0,0,21,3,10,1,6,0.0
99.99,0.0,0.0,0.0,87,0,0,0,0,21,3,10,1,13,0.0
129.95,0.0,0.0,0.0,72,0,0,0,0,21,3,10,1,10,0.0
154.99,0.0,0.0,0.0,56,0,0,0,0,21,3,10,1,10,0.0
169.0,0.0,0.0,0.0,100,0,0,0,0,21,3,10,1,8,0.0
66.25,0.0,0.0,0.0,98,0,0,0,0,21,3,10,1,19,0.0
230.0,0.0,0.0,0.0,38,0,0,0,0,21,3,10,1,19,0.0
215.0,0.0,0.0,0.0,100,0,0,0,0,21,3,10,1,11,0.0
415.0,0.0,0.0,0.0,67,0,0,0,0,21,3,10,1,29,0.0
69.0,0.0,0.0,0.0,80,0,0,0,0,21,3,10,1,2,0.0
127.0,0.0,0.0,0.0,65,0,0,0,0,21,3,10,1,27,0.0
0.0,0.0,0.0,0.0,88,0,0,0,0,16,3,10,0,9,0.0
0.0,0.0,0.0,0.0,98,0,0,0,0,16,3,10,0,9,0.0
0.0,0.0,0.0,0.0,87,0,0,0,0,16,3,10,0,9,0.0
0.0,0.0,0.0,0.0,81,0,0,0,0,16,3,10,0,9,0.0
0.0,0.0,0.0,0.0,55,0,0,0,0,16,3,10,0,9,0.0
0.0,0.0,0.0,0.0,69,0,0,0,0,16,3,10,0,9,0.0
0.0,0.0,0.0,0.0,81,0,0,0,0,16,3,10,0,9,0.0
0.0,0.0,0.0,0.0,95,0,0,0,0,16,3,10,0,9,0.0
0.0,0.0,0.0,0.0,69,0,0,0,0,16,3,10,0,9,0.0
0.0,0.0,0.0,0.0,72,0,0,0,0,16,3,10,0,9,0.0
0.0,0.0,0.0,0.0,36,0,0,0,0,16,3,10,0,0,0.0
337.99,0.0,0.0,0.0,100,0,0,0,0,16,3,10,1,3,0.0
299.99,0.0,0.0,0.0,99,0,0,0,0,16,3,10,1,3,0.0
8.99,0.0,0.0,0.0,100,0,0,0,0,16,3,10,1,3,0.0
44.99,0.0,0.0,0.0,100,0,0,0,0,16,3,10,1,3,0.0
9.99,0.0,0.0,0.0,100,0,0,0,0,16,3,10,1,26,0.0
4.99,0.0,0.0,0.0,100,0,0,0,0,16,3,10,1,26,0.0
19.27,0.0,0.0,0.0,99,0,0,0,0,16,3,10,1,26,0.0
79.88,0.0,0.0,0.0,100,0,0,0,0,16,3,10,1,26,0.0
47.11,0.0,0.0,0.0,87,0,0,0,0,16,3,10,1,26,0.0
7.99,0.0,0.0,0.0,65,0,0,0,0,16,3,10,1,26,0.0
11.99,0.0,0.0,0.0,80,0,0,0,0,16,3,10,1,26,0.0
229.99,0.0,0.0,0.0,99,0,0,0,0,16,3,10,1,26,0.0
699.0,0.0,0.0,0.0,86,0,0,0,0,16,3,10,1,26,0.0
689.99,0.0,0.0,0.0,100,0,0,0,0,16,3,10,1,11,0.0
559.99,0.0,0.0,0.0,76,0,0,0,0,16,3,10,1,6,0.0
8.99,0.0,0.0,0.0,100,0,0,0,0,16,3,10,1,13,0.0
48.77,0.0,0.0,0.0,100,0,0,0,0,16,3,10,1,13,0.0
559.99,0.0,0.0,0.0,100,0,0,0,0,16,3,10,1,13,0.0
159.37,0.0,0.0,0.0,78,0,0,0,0,16,3,10,1,13,0.0
297.99,0.0,0.0,0.0,99,0,0,0,0,16,3,10,1,13,0.0
299.99,0.0,0.0,0.0,72,0,0,0,0,16,3,10,1,13,0.0
379.99,0.0,0.0,0.0,92,0,0,0,0,16,3,10,1,10,0.0
79.99,0.0,0.0,0.0,55,0,0,0,0,16,3,10,1,10,0.0
249.99,0.0,0.0,0.0,90,0,0,0,0,16,3,10,1,10,0.0
549.0,0.0,0.0,0.0,72,0,0,0,0,16,3,10,1,8,0.0
129.99,0.0,0.0,0.0,85,0,0,0,0,16,3,10,1,19,0.0
363.0,0.0,0.0,0.0,70,0,0,0,0,16,3,10,1,19,0.0
229.0,0.0,0.0,0.0,100,0,0,0,0,16,3,10,1,11,0.0
199.0,0.0,0.0,0.0,96,0,0,0,0,16,3,10,1,11,0.0
249.0,0.0,0.0,0.0,100,0,0,0,0,16,3,10,1,11,0.0
13.99,0.0,0.0,0.0,100,0,0,0,0,16,3,10,1,17,0.0
450.0,0.0,0.0,0.0,99,0,0,0,0,16,3,10,1,17,0.0
169.99,0.0,0.0,0.0,99,0,0,0,0,16,3,10,1,22,0.0
110.99,0.0,0.0,0.0,91,0,0,0,0,16,3,10,1,2,0.0
187.49,0.0,0.0,0.0,81,0,0,0,0,16,3,10,1,2,0.0
18.99,0.0,0.0,0.0,79,0,0,0,0,16,3,10,1,2,0.0
179.1,0.0,0.0,0.0,100,0,0,0,0,16,3,10,1,2,0.0
9.17,0.0,0.0,0.0,87,0,0,0,0,16,3,10,1,2,0.0
999.0,0.0,0.0,0.0,74,0,0,0,0,16,3,10,1,2,0.0
19.59,0.0,0.0,0.0,100,0,0,0,0,16,3,10,1,2,0.0
367.99,0.0,0.0,0.0,100,0,0,0,0,16,3,10,1,27,0.0
499.97,0.0,0.0,0.0,71,0,0,0,0,16,3,10,1,27,0.0
230.0,0.0,0.0,0.0,69,0,0,0,0,16,3,10,1,27,0.0
998.0,0.0,0.0,0.0,88,0,0,0,0,16,3,10,1,27,0.0
279.99,0.0,0.0,0.0,69,0,0,0,0,16,3,10,1,27,0.0
399.97,0.0,0.0,0.0,33,0,0,0,0,16,3,10,1,27,0.0
203.0,0.0,0.0,0.0,100,0,0,0,0,16,3,10,1,27,0.0
797.99,0.0,0.0,0.0,100,0,0,0,0,16,3,10,1,27,0.0
0.0,0.0,0.0,0.0,52,0,0,0,0,16,2,10,0,9,0.0
0.0,0.0,0.0,0.0,65,0,0,0,0,16,2,10,0,9,0.0
0.0,0.0,0.0,0.0,89,0,0,0,0,16,2,10,0,9,0.0
0.0,0.0,0.0,0.0,89,0,0,0,0,16,2,10,0,9,0.0
0.0,0.0,0.0,0.0,80,0,0,0,0,16,2,10,0,9,0.0
0.0,0.0,0.0,0.0,63,0,0,0,0,16,2,10,0,9,0.0
0.0,0.0,0.0,0.0,72,0,0,0,0,16,2,10,0,9,0.0
0.0,0.0,0.0,0.0,94,0,0,0,0,16,2,10,0,9,0.0
0.0,0.0,0.0,0.0,78,0,0,0,0,16,2,10,0,9,0.0
0.0,0.0,0.0,0.0,77,0,0,0,0,16,2,10,0,9,0.0
179.99,0.0,0.0,0.0,95,0,0,0,0,16,2,10,1,3,0.0
89.99,0.0,0.0,0.0,97,0,0,0,0,16,2,10,1,3,0.0
109.99,0.0,0.0,0.0,100,0,0,0,0,16,2,10,1,3,0.0
499.0,0.0,0.0,0.0,92,0,0,0,0,16,2,10,1,3,0.0
3.8,0.0,0.0,0.0,82,0,0,0,0,16,2,10,1,26,0.0
299.0,0.0,0.0,0.0,57,0,0,0,0,16,2,10,1,13,0.0
299.99,0.0,0.0,0.0,64,0,0,0,0,16,2,10,1,10,0.0
8.69,0.0,0.0,0.0,87,0,0,0,0,16,2,10,1,11,0.0
45.0,0.0,0.0,0.0,63,0,0,0,0,16,2,10,1,2,0.0
74.99,0.0,0.0,0.0,79,0,0,0,0,16,2,10,1,2,0.0
0.0,0.0,0.0,0.0,68,0,0,0,0,12,2,10,0,9,0.0
0.0,0.0,0.0,0.0,60,0,0,0,0,12,2,10,0,9,0.0
0.0,0.0,0.0,0.0,74,0,0,0,0,12,2,10,0,9,0.0
0.0,0.0,0.0,0.0,83,0,0,0,0,12,2,10,0,9,0.0
0.0,0.0,0.0,0.0,75,0,0,0,0,12,2,10,0,9,0.0
0.0,0.0,0.0,0.0,63,0,0,0,0,12,2,10,0,9,0.0
0.0,0.0,0.0,0.0,52,0,0,0,0,12,2,10,0,9,0.0
0.0,0.0,0.0,0.0,77,0,0,0,0,12,2,10,0,9,0.0
0.0,0.0,0.0,0.0,83,0,0,0,0,12,2,10,0,9,0.0
0.0,0.0,0.0,0.0,125,0,0,0,0,12,2,10,0,9,0.0
0.0,0.0,0.0,0.0,30,0,0,0,0,12,2,10,0,0,0.0
0.0,0.0,0.0,0.0,30,0,0,0,0,12,2,10,0,31,0.0
0.0,0.0,0.0,0.0,36,0,0,0,0,12,2,10,0,28,0.0
0.0,0.0,0.0,0.0,20,0,0,0,0,12,2,10,0,16,0.0
118.0,0.0,0.0,0.0,100,0,0,0,0,12,2,10,1,3,0.0
449.99,0.0,0.0,0.0,99,0,0,0,0,12,2,10,1,3,0.0
279.0,0.0,0.0,0.0,46,0,0,0,0,12,2,10,1,3,0.0
179.99,0.0,0.0,0.0,87,0,0,0,0,12,2,10,1,3,0.0
8.99,0.0,0.0,0.0,100,0,0,0,0,12,2,10,1,3,0.0
0.0,0.0,0.0,0.0,69,0,0,0,0,12,2,10,1,26,0.0
7.74,0.0,0.0,0.0,100,0,0,0,0,12,2,10,1,26,0.0
39.99,0.0,0.0,0.0,84,0,0,0,0,12,2,10,1,26,0.0
149.0,0.0,0.0,0.0,81,0,0,0,0,12,2,10,1,13,0.0
399.99,0.0,0.0,0.0,76,0,0,0,0,12,2,10,1,10,0.0
176.83,0.0,0.0,0.0,100,0,0,0,0,12,2,10,1,8,0.0
63.19,0.0,0.0,0.0,100,0,0,0,0,12,2,10,1,19,0.0
285.99,0.0,0.0,0.0,99,0,0,0,0,12,2,10,1,11,0.0
130.0,0.0,0.0,0.0,100,0,0,0,0,12,2,10,1,11,0.0
946.99,0.0,0.0,0.0,100,0,0,0,0,12,2,10,1,11,0.0
7.79,0.0,0.0,0.0,67,0,0,0,0,12,2,10,1,17,0.0
60.0,0.0,0.0,0.0,98,0,0,0,0,12,2,10,1,2,0.0
19.59,0.0,0.0,0.0,67,0,0,0,0,12,2,10,1,2,0.0
269.91,0.0,0.0,0.0,100,0,0,0,0,12,2,10,1,27,0.0
449.0,0.0,0.0,0.0,37,0,0,0,0,6,2,10,1,3,0.0
499.99,0.0,0.0,0.0,100,0,0,0,0,6,2,10,1,3,0.0
7.99,0.0,0.0,0.0,100,0,0,0,0,6,2,10,1,3,0.0
386.98,0.0,0.0,0.0,85,0,0,0,0,6,2,10,1,3,0.0
9.99,0.0,0.0,0.0,84,0,0,0,0,6,2,10,1,26,0.0
41.24,0.0,0.0,0.0,100,0,0,0,0,6,2,10,1,26,0.0
24.0,0.0,0.0,0.0,66,0,0,0,0,6,2,10,1,26,0.0
11.48,0.0,0.0,0.0,88,0,0,0,0,6,2,10,1,26,0.0
3.99,0.0,0.0,0.0,89,0,0,0,0,6,2,10,1,26,0.0
6.92,0.0,0.0,0.0,100,0,0,0,0,6,2,10,1,26,0.0
79.99,0.0,0.0,0.0,71,0,0,0,0,6,2,10,1,13,0.0
712.01,0.0,0.0,0.0,95,0,0,0,0,6,2,10,1,13,0.0
329.99,0.0,0.0,0.0,100,0,0,0,0,6,2,10,1,15,0.0
159.99,0.0,0.0,0.0,99,0,0,0,0,6,2,10,1,15,0.0
180.0,0.0,0.0,0.0,87,0,0,0,0,6,2,10,1,18,0.0
130.0,0.0,0.0,0.0,81,0,0,0,0,6,2,10,1,18,0.0
119.0,0.0,0.0,0.0,74,0,0,0,0,6,2,10,1,10,0.0
4.79,0.0,0.0,0.0,100,0,0,0,0,6,2,10,1,10,0.0
181.99,0.0,0.0,0.0,74,0,0,0,0,6,2,10,1,10,0.0
219.0,0.0,0.0,0.0,100,0,0,0,0,6,2,10,1,8,0.0
183.0,0.0,0.0,0.0,100,0,0,0,0,6,2,10,1,8,0.0
169.0,0.0,0.0,0.0,99,0,0,0,0,6,2,10,1,8,0.0
169.0,0.0,0.0,0.0,100,0,0,0,0,6,2,10,1,8,0.0
114.99,0.0,0.0,0.0,100,0,0,0,0,6,2,10,1,13,0.0
118.0,0.0,0.0,0.0,94,0,0,0,0,6,2,10,1,11,0.0
779.99,0.0,0.0,0.0,99,0,0,0,0,6,2,10,1,11,0.0
236.0,0.0,0.0,0.0,100,0,0,0,0,6,2,10,1,11,0.0
4.49,0.0,0.0,0.0,83,0,0,0,0,6,2,10,1,17,0.0
159.99,0.0,0.0,0.0,89,0,0,0,0,6,2,10,1,17,0.0
27.99,0.0,0.0,0.0,96,0,0,0,0,6,2,10,1,2,0.0
56.95,0.0,0.0,0.0,86,0,0,0,0,6,2,10,1,2,0.0
149.97,0.0,0.0,0.0,64,0,0,0,0,6,2,10,1,2,0.0
19.99,0.0,0.0,0.0,100,0,0,0,0,6,2,10,1,2,0.0
160.0,0.0,0.0,0.0,90,0,0,0,0,6,2,10,1,2,0.0
269.91,0.0,0.0,0.0,70,0,0,0,0,6,2,10,1,27,0.0
95.87,0.0,0.0,0.0,99,0,0,0,0,6,2,10,1,27,0.0
299.99,0.0,0.0,0.0,100,0,0,0,0,15,1,10,1,11,0.0
669.99,0.0,0.0,0.0,84,0,0,0,0,15,1,10,1,6,0.0
109.99,0.0,0.0,0.0,97,0,0,0,0,15,1,10,1,10,0.0
129.99,0.0,0.0,0.0,90,0,0,0,0,15,1,10,1,10,0.0
64.99,0.0,0.0,0.0,88,0,0,0,0,15,1,10,1,10,0.0
92.0,0.0,0.0,0.0,100,0,0,0,0,15,1,10,1,10,0.0
24.99,0.0,0.0,0.0,81,0,0,0,0,15,1,10,1,27,0.0
749.99,0.0,0.0,0.0,100,0,0,0,0,15,1,10,1,27,0.0
0.0,0.0,0.0,0.0,17,0,0,0,0,15,1,10,0,9,0.0
0.0,0.0,0.0,0.0,17,0,0,0,0,15,1,10,0,9,0.0
0.0,0.0,0.0,0.0,27,0,0,0,0,15,1,10,0,9,0.0
0.0,0.0,0.0,0.0,28,0,0,0,0,15,1,10,0,9,0.0
0.0,0.0,0.0,0.0,26,0,0,0,0,15,1,10,0,9,0.0
0.0,0.0,0.0,0.0,27,0,0,0,0,15,1,10,0,9,0.0
0.0,0.0,0.0,0.0,25,0,0,0,0,15,1,10,0,9,0.0
0.0,0.0,0.0,0.0,19,0,0,0,0,15,1,10,0,9,0.0
0.0,0.0,0.0,0.0,15,0,0,0,0,15,1,10,0,9,0.0
0.0,0.0,0.0,0.0,16,0,0,0,0,15,1,10,0,9,0.0
0.0,0.0,0.0,0.0,16,0,0,0,0,15,1,10,0,9,0.0
0.0,0.0,0.0,0.0,15,0,0,0,0,15,1,10,0,9,0.0
0.0,0.0,0.0,0.0,23,0,0,0,0,15,1,10,0,9,0.0
0.0,0.0,0.0,0.0,22,0,0,0,0,15,1,10,0,9,0.0
0.0,0.0,0.0,0.0,20,0,0,0,0,15,1,10,0,9,0.0
0.0,0.0,0.0,0.0,16,0,0,0,0,15,1,10,0,9,0.0
0.0,0.0,0.0,0.0,19,0,0,0,0,15,1,10,0,9,0.0
0.0,0.0,0.0,0.0,20,0,0,0,0,15,1,10,0,9,0.0
0.0,0.0,0.0,0.0,17,0,0,0,0,15,1,10,0,9,0.0
0.0,0.0,0.0,0.0,19,0,0,0,0,15,1,10,0,9,0.0
0.0,0.0,0.0,0.0,16,0,0,0,0,15,1,10,0,9,0.0
0.0,0.0,0.0,0.0,16,0,0,0,0,15,1,10,0,9,0.0
0.0,0.0,0.0,0.0,18,0,0,0,0,15,1,10,0,9,0.0
0.0,0.0,0.0,0.0,36,0,0,0,0,15,1,10,0,9,0.0
0.0,0.0,0.0,0.0,18,0,0,0,0,15,1,10,0,9,0.0
0.0,0.0,0.0,0.0,16,0,0,0,0,15,1,10,0,9,0.0
0.0,0.0,0.0,0.0,19,0,0,0,0,15,1,10,0,9,0.0
0.0,0.0,0.0,0.0,17,0,0,0,0,15,1,10,0,9,0.0
0.0,0.0,0.0,0.0,17,0,0,0,0,15,1,10,0,9,0.0
0.0,0.0,0.0,0.0,18,0,0,0,0,15,1,10,0,9,0.0
0.0,0.0,0.0,0.0,26,0,0,0,0,15,1,10,0,9,0.0
0.0,0.0,0.0,0.0,19,0,0,0,0,15,1,10,0,9,0.0
0.0,0.0,0.0,0.0,19,0,0,0,0,15,1,10,0,9,0.0
0.0,0.0,0.0,0.0,18,0,0,0,0,15,1,10,0,9,0.0
0.0,0.0,0.0,0.0,15,0,0,0,0,15,1,10,0,9,0.0
0.0,0.0,0.0,0.0,26,0,0,0,0,15,1,10,0,9,0.0
0.0,0.0,0.0,0.0,22,0,0,0,0,15,1,10,0,9,0.0
0.0,0.0,0.0,0.0,20,0,0,0,0,15,1,10,0,9,0.0
0.0,0.0,0.0,0.0,15,0,0,0,0,15,1,10,0,9,0.0
0.0,0.0,0.0,0.0,15,0,0,0,0,15,1,10,0,9,0.0
0.0,0.0,0.0,0.0,21,0,0,0,0,15,1,10,0,9,0.0
0.0,0.0,0.0,0.0,18,0,0,0,0,15,1,10,0,9,0.0
0.0,0.0,0.0,0.0,28,0,0,0,0,15,1,10,0,9,0.0
0.0,0.0,0.0,0.0,21,0,0,0,0,15,1,10,0,9,0.0
0.0,0.0,0.0,0.0,20,0,0,0,0,15,1,10,0,9,0.0
0.0,0.0,0.0,0.0,17,0,0,0,0,15,1,10,0,9,0.0
0.0,0.0,0.0,0.0,16,0,0,0,0,15,1,10,0,9,0.0
0.0,0.0,0.0,0.0,20,0,0,0,0,15,1,10,0,9,0.0
0.0,0.0,0.0,0.0,22,0,0,0,0,15,1,10,0,9,0.0
0.0,0.0,0.0,0.0,20,0,0,0,0,15,1,10,0,9,0.0
0.0,0.0,0.0,0.0,20,0,0,0,0,15,1,10,0,9,0.0
0.0,0.0,0.0,0.0,25,0,0,0,0,15,1,10,0,9,0.0
0.0,0.0,0.0,0.0,18,0,0,0,0,15,1,10,0,9,0.0
0.0,0.0,0.0,0.0,28,0,0,0,0,15,1,10,0,9,0.0
0.0,0.0,0.0,0.0,28,0,0,0,0,15,1,10,0,9,0.0
0.0,0.0,0.0,0.0,26,0,0,0,0,15,1,10,0,9,0.0
0.0,0.0,0.0,0.0,37,0,0,0,0,15,1,10,0,9,0.0
0.0,0.0,0.0,0.0,15,0,0,0,0,15,1,10,0,9,0.0
0.0,0.0,0.0,0.0,17,0,0,0,0,15,1,10,0,9,0.0
0.0,0.0,0.0,0.0,24,0,0,0,0,15,1,10,0,9,0.0
0.0,0.0,0.0,0.0,25,0,0,0,0,15,1,10,0,9,0.0
0.0,0.0,0.0,0.0,25,0,0,0,0,15,1,10,0,9,0.0
0.0,0.0,0.0,0.0,15,0,0,0,0,15,1,10,0,9,0.0
0.0,0.0,0.0,0.0,29,0,0,0,0,15,1,10,0,9,0.0
0.0,0.0,0.0,0.0,18,0,0,0,0,15,1,10,0,9,0.0
0.0,0.0,0.0,0.0,26,0,0,0,0,15,1,10,0,9,0.0
0.0,0.0,0.0,0.0,25,0,0,0,0,15,1,10,0,9,0.0
0.0,0.0,0.0,0.0,19,0,0,0,0,15,1,10,0,9,0.0
0.0,0.0,0.0,0.0,25,0,0,0,0,15,1,10,0,9,0.0
0.0,0.0,0.0,0.0,18,0,0,0,0,15,1,10,0,9,0.0
0.0,0.0,0.0,0.0,15,0,0,0,0,15,1,10,0,9,0.0
0.0,0.0,0.0,0.0,15,0,0,0,0,15,1,10,0,9,0.0
0.0,0.0,0.0,0.0,16,0,0,0,0,15,1,10,0,9,0.0
0.0,0.0,0.0,0.0,16,0,0,0,0,15,1,10,0,9,0.0
0.0,0.0,0.0,0.0,16,0,0,0,0,15,1,10,0,9,0.0
0.0,0.0,0.0,0.0,15,0,0,0,0,15,1,10,0,9,0.0
0.0,0.0,0.0,0.0,64,0,0,0,0,15,1,10,0,9,0.0
0.0,0.0,0.0,0.0,36,0,0,0,0,15,1,10,0,9,0.0
0.0,0.0,0.0,0.0,15,0,0,0,0,15,1,10,0,9,0.0
0.0,0.0,0.0,0.0,36,0,0,0,0,15,1,10,0,9,0.0
0.0,0.0,0.0,0.0,55,0,0,0,0,15,1,10,0,9,0.0
0.0,0.0,0.0,0.0,93,0,0,0,0,15,1,10,0,9,0.0
0.0,0.0,0.0,0.0,57,0,0,0,0,15,1,10,0,9,0.0
0.0,0.0,0.0,0.0,86,0,0,0,0,15,1,10,0,9,0.0
0.0,0.0,0.0,0.0,82,0,0,0,0,15,1,10,0,9,0.0
0.0,0.0,0.0,0.0,82,0,0,0,0,15,1,10,0,9,0.0
0.0,0.0,0.0,0.0,77,0,0,0,0,15,1,10,0,9,0.0
0.0,0.0,0.0,0.0,74,0,0,0,0,15,1,10,0,9,0.0
0.0,0.0,0.0,0.0,80,0,0,0,0,15,1,10,0,9,0.0
0.0,0.0,0.0,0.0,72,0,0,0,0,15,1,10,0,9,0.0
0.0,0.0,0.0,0.0,20,0,0,0,0,15,1,10,0,9,0.0
0.0,0.0,0.0,0.0,20,0,0,0,0,15,1,10,0,9,0.0
0.0,0.0,0.0,0.0,23,0,0,0,0,15,1,10,0,9,0.0
0.0,0.0,0.0,0.0,16,0,0,0,0,15,1,10,0,0,0.0
0.0,0.0,0.0,0.0,17,0,0,0,0,15,1,10,0,0,0.0
0.0,0.0,0.0,0.0,15,0,0,0,0,15,1,10,0,0,0.0
0.0,0.0,0.0,0.0,17,0,0,0,0,15,1,10,0,0,0.0
0.0,0.0,0.0,0.0,36,0,0,0,0,15,1,10,0,0,0.0
0.0,0.0,0.0,0.0,36,0,0,0,0,15,1,10,0,0,0.0
0.0,0.0,0.0,0.0,30,0,0,0,0,15,1,10,0,0,0.0
0.0,0.0,0.0,0.0,30,0,0,0,0,15,1,10,0,0,0.0
0.0,0.0,0.0,0.0,30,0,0,0,0,15,1,10,0,0,0.0
0.0,0.0,0.0,0.0,30,0,0,0,0,15,1,10,0,0,0.0
0.0,0.0,0.0,0.0,17,0,0,0,0,15,1,10,0,31,0.0
0.0,0.0,0.0,0.0,30,0,0,0,0,15,1,10,0,31,0.0
0.0,0.0,0.0,0.0,17,0,0,0,0,15,1,10,0,31,0.0
0.0,0.0,0.0,0.0,30,0,0,0,0,15,1,10,0,31,0.0
0.0,0.0,0.0,0.0,16,0,0,0,0,15,1,10,0,25,0.0
0.0,0.0,0.0,0.0,15,0,0,0,0,15,1,10,0,25,0.0
0.0,0.0,0.0,0.0,30,0,0,0,0,15,1,10,0,25,0.0
0.0,0.0,0.0,0.0,18,0,0,0,0,15,1,10,0,25,0.0
0.0,0.0,0.0,0.0,20,0,0,0,0,15,1,10,0,25,0.0
0.0,0.0,0.0,0.0,15,0,0,0,0,15,1,10,0,25,0.0
0.0,0.0,0.0,0.0,29,0,0,0,0,15,1,10,0,25,0.0
0.0,0.0,0.0,0.0,16,0,0,0,0,15,1,10,0,7,0.0
0.0,0.0,0.0,0.0,17,0,0,0,0,15,1,10,0,23,0.0
0.0,0.0,0.0,0.0,30,0,0,0,0,15,1,10,0,23,0.0
0.0,0.0,0.0,0.0,30,0,0,0,0,15,1,10,0,28,0.0
0.0,0.0,0.0,0.0,30,0,0,0,0,15,1,10,0,28,0.0
0.0,0.0,0.0,0.0,36,0,0,0,0,15,1,10,0,28,0.0
0.0,0.0,0.0,0.0,35,0,0,0,0,15,1,10,0,28,0.0
0.0,0.0,0.0,0.0,36,0,0,0,0,15,1,10,0,28,0.0
0.0,0.0,0.0,0.0,30,0,0,0,0,15,1,10,0,28,0.0
0.0,0.0,0.0,0.0,30,0,0,0,0,15,1,10,0,28,0.0
0.0,0.0,0.0,0.0,30,0,0,0,0,15,1,10,0,28,0.0
0.0,0.0,0.0,0.0,35,0,0,0,0,15,1,10,0,28,0.0
0.0,0.0,0.0,0.0,15,0,0,0,0,15,1,10,0,16,0.0
499.0,0.0,0.0,0.0,100,0,0,0,0,14,1,10,1,26,0.0
65.0,0.0,0.0,0.0,46,0,0,0,0,14,1,10,1,26,0.0
2.99,0.0,0.0,0.0,85,0,0,0,0,14,1,10,1,26,0.0
3.99,0.0,0.0,0.0,69,0,0,0,0,14,1,10,1,26,0.0
118.99,0.0,0.0,0.0,90,0,0,0,0,14,1,10,1,26,0.0
499.99,0.0,0.0,0.0,81,0,0,0,0,14,1,10,1,6,0.0
37.99,0.0,0.0,0.0,99,0,0,0,0,14,1,10,1,10,0.0
229.99,0.0,0.0,0.0,100,0,0,0,0,14,1,10,1,10,0.0
16.99,0.0,0.0,0.0,86,0,0,0,0,14,1,10,1,2,0.0
14.99,0.0,0.0,0.0,64,0,0,0,0,12,1,10,1,3,0.0
209.99,0.0,0.0,0.0,67,0,0,0,0,12,1,10,1,3,0.0
463.99,0.0,0.0,0.0,100,0,0,0,0,12,1,10,1,3,0.0
153.0,0.0,0.0,0.0,96,0,0,0,0,12,1,10,1,3,0.0
57.74,0.0,0.0,0.0,100,0,0,0,0,12,1,10,1,3,0.0
49.99,0.0,0.0,0.0,97,0,0,0,0,12,1,10,1,26,0.0
215.99,0.0,0.0,0.0,99,0,0,0,0,12,1,10,1,26,0.0
18.14,0.0,0.0,0.0,97,0,0,0,0,12,1,10,1,26,0.0
29.99,0.0,0.0,0.0,100,0,0,0,0,12,1,10,1,26,0.0
8.99,0.0,0.0,0.0,100,0,0,0,0,12,1,10,1,26,0.0
10.87,0.0,0.0,0.0,65,0,0,0,0,12,1,10,1,26,0.0
37.99,0.0,0.0,0.0,100,0,0,0,0,12,1,10,1,6,0.0
269.0,0.0,0.0,0.0,99,0,0,0,0,12,1,10,1,1,0.0
47.44,0.0,0.0,0.0,100,0,0,0,0,12,1,10,1,13,0.0
229.99,0.0,0.0,0.0,81,0,0,0,0,12,1,10,1,15,0.0
82.0,0.0,0.0,0.0,71,0,0,0,0,12,1,10,1,10,0.0
204.99,0.0,0.0,0.0,100,0,0,0,0,12,1,10,1,10,0.0
260.0,0.0,0.0,0.0,75,0,0,0,0,12,1,10,1,10,0.0
131.34,0.0,0.0,0.0,81,0,0,0,0,12,1,10,1,8,0.0
136.0,0.0,0.0,0.0,100,0,0,0,0,12,1,10,1,8,0.0
234.0,0.0,0.0,0.0,100,0,0,0,0,12,1,10,1,8,0.0
29.2,0.0,0.0,0.0,47,0,0,0,0,12,1,10,1,19,0.0
186.0,0.0,0.0,0.0,100,0,0,0,0,12,1,10,1,11,0.0
567.97,0.0,0.0,0.0,96,0,0,0,0,12,1,10,1,11,0.0
113.0,0.0,0.0,0.0,100,0,0,0,0,12,1,10,1,11,0.0
103.0,0.0,0.0,0.0,99,0,0,0,0,12,1,10,1,11,0.0
849.99,0.0,0.0,0.0,100,0,0,0,0,12,1,10,1,11,0.0
113.0,0.0,0.0,0.0,100,0,0,0,0,12,1,10,1,11,0.0
799.99,0.0,0.0,0.0,100,0,0,0,0,12,1,10,1,11,0.0
9.99,0.0,0.0,0.0,90,0,0,0,0,12,1,10,1,17,0.0
118.99,0.0,0.0,0.0,89,0,0,0,0,12,1,10,1,2,0.0
545.99,0.0,0.0,0.0,100,0,0,0,0,12,1,10,1,2,0.0
28.0,0.0,0.0,0.0,88,0,0,0,0,12,1,10,1,2,0.0
249.99,0.0,0.0,0.0,69,0,0,0,0,12,1,10,1,2,0.0
674.99,0.0,0.0,0.0,100,0,0,0,0,12,1,10,1,27,0.0
398.0,0.0,0.0,0.0,84,0,0,0,0,12,1,10,1,27,0.0
54.99,0.0,0.0,0.0,100,0,0,0,0,23,0,10,1,3,0.0
15.99,0.0,0.0,0.0,100,0,0,0,0,23,0,10,1,3,0.0
756.99,0.0,0.0,0.0,100,0,0,0,0,23,0,10,1,3,0.0
135.0,0.0,0.0,0.0,100,0,0,0,0,23,0,10,1,26,0.0
16.39,0.0,0.0,0.0,95,0,0,0,0,23,0,10,1,26,0.0
4.92,0.0,0.0,0.0,97,0,0,0,0,23,0,10,1,26,0.0
399.0,0.0,0.0,0.0,99,0,0,0,0,23,0,10,1,26,0.0
199.0,0.0,0.0,0.0,92,0,0,0,0,23,0,10,1,26,0.0
219.0,0.0,0.0,0.0,91,0,0,0,0,23,0,10,1,13,0.0
95.88,0.0,0.0,0.0,100,0,0,0,0,23,0,10,1,18,0.0
175.0,0.0,0.0,0.0,89,0,0,0,0,23,0,10,1,10,0.0
142.0,0.0,0.0,0.0,87,0,0,0,0,23,0,10,1,10,0.0
593.1,0.0,0.0,0.0,64,0,0,0,0,23,0,10,1,8,0.0
136.0,0.0,0.0,0.0,100,0,0,0,0,23,0,10,1,8,0.0
799.99,0.0,0.0,0.0,100,0,0,0,0,23,0,10,1,8,0.0
121.0,0.0,0.0,0.0,96,0,0,0,0,23,0,10,1,8,0.0
151.0,0.0,0.0,0.0,100,0,0,0,0,23,0,10,1,8,0.0
499.0,0.0,0.0,0.0,72,0,0,0,0,23,0,10,1,8,0.0
218.0,0.0,0.0,0.0,100,0,0,0,0,23,0,10,1,8,0.0
159.99,0.0,0.0,0.0,80,0,0,0,0,23,0,10,1,8,0.0
249.97,0.0,0.0,0.0,58,0,0,0,0,23,0,10,1,13,0.0
909.99,0.0,0.0,0.0,100,0,0,0,0,23,0,10,1,11,0.0
127.0,0.0,0.0,0.0,100,0,0,0,0,23,0,10,1,11,0.0
4.99,0.0,0.0,0.0,99,0,0,0,0,23,0,10,1,17,0.0
11.98,0.0,0.0,0.0,72,0,0,0,0,23,0,10,1,17,0.0
628.99,0.0,0.0,0.0,100,0,0,0,0,23,0,10,1,22,0.0
199.99,0.0,0.0,0.0,99,0,0,0,0,23,0,10,1,2,0.0
20.0,0.0,0.0,0.0,45,0,0,0,0,23,0,10,1,2,0.0
49.99,0.0,0.0,0.0,83,0,0,0,0,23,0,10,1,2,0.0
14.99,0.0,0.0,0.0,100,0,0,0,0,23,0,10,1,2,0.0
179.0,0.0,0.0,0.0,64,0,0,0,0,23,0,10,1,2,0.0
79.95,0.0,0.0,0.0,90,0,0,0,0,23,0,10,1,2,0.0
129.0,0.0,0.0,0.0,75,0,0,0,0,23,0,10,1,27,0.0
19.97,0.0,0.0,0.0,100,0,0,0,0,23,0,10,1,27,0.0
7.49,0.0,0.0,0.0,44,0,0,0,0,12,0,10,1,26,0.0
103.78,0.0,0.0,0.0,99,0,0,0,0,12,0,10,1,26,0.0
117.28,0.0,0.0,0.0,51,0,0,0,0,12,0,10,1,10,0.0
491.99,0.0,0.0,0.0,100,0,0,0,0,12,0,10,1,11,0.0
129.0,0.0,0.0,0.0,100,0,0,0,0,12,0,10,1,11,0.0
199.0,0.0,0.0,0.0,91,0,0,0,0,12,0,10,1,11,0.0
399.0,0.0,0.0,0.0,66,0,0,0,0,12,0,10,1,2,0.0
979.99,0.0,0.0,0.0,100,0,0,0,0,10,0,10,1,3,0.0
169.99,0.0,0.0,0.0,100,0,0,0,0,10,0,10,1,3,0.0
149.0,0.0,0.0,0.0,100,0,0,0,0,10,0,10,1,3,0.0
299.0,0.0,0.0,0.0,66,0,0,0,0,10,0,10,1,3,0.0
229.99,0.0,0.0,0.0,87,0,0,0,0,10,0,10,1,3,0.0
9.99,0.0,0.0,0.0,74,0,0,0,0,10,0,10,1,3,0.0
149.99,0.0,0.0,0.0,87,0,0,0,0,10,0,10,1,3,0.0
791.99,0.0,0.0,0.0,100,0,0,0,0,10,0,10,1,3,0.0
695.99,0.0,0.0,0.0,93,0,0,0,0,10,0,10,1,26,0.0
19.17,0.0,0.0,0.0,62,0,0,0,0,10,0,10,1,26,0.0
15.29,0.0,0.0,0.0,81,0,0,0,0,10,0,10,1,26,0.0
65.0,0.0,0.0,0.0,100,0,0,0,0,10,0,10,1,26,0.0
9.99,0.0,0.0,0.0,82,0,0,0,0,10,0,10,1,26,0.0
11.47,0.0,0.0,0.0,95,0,0,0,0,10,0,10,1,26,0.0
52.0,0.0,0.0,0.0,70,0,0,0,0,10,0,10,1,26,0.0
0.0,0.0,0.0,0.0,59,0,0,0,0,10,0,10,1,26,0.0
11.21,0.0,0.0,0.0,95,0,0,0,0,10,0,10,1,26,0.0
179.91,0.0,0.0,0.0,77,0,0,0,0,10,0,10,1,26,0.0
899.0,0.0,0.0,0.0,85,0,0,0,0,10,0,10,1,26,0.0
55.99,0.0,0.0,0.0,64,0,0,0,0,10,0,10,1,26,0.0
0.0,0.0,0.0,0.0,99,0,0,0,0,10,0,10,1,26,0.0
549.99,0.0,0.0,0.0,100,0,0,0,0,10,0,10,1,11,0.0
319.99,0.0,0.0,0.0,100,0,0,0,0,10,0,10,1,6,0.0
148.99,0.0,0.0,0.0,100,0,0,0,0,10,0,10,1,13,0.0
399.99,0.0,0.0,0.0,83,0,0,0,0,10,0,10,1,13,0.0
189.99,0.0,0.0,0.0,100,0,0,0,0,10,0,10,1,13,0.0
189.98,0.0,0.0,0.0,83,0,0,0,0,10,0,10,1,13,0.0
289.99,0.0,0.0,0.0,77,0,0,0,0,10,0,10,1,15,0.0
179.99,0.0,0.0,0.0,82,0,0,0,0,10,0,10,1,15,0.0
119.92,0.0,0.0,0.0,86,0,0,0,0,10,0,10,1,18,0.0
12.99,0.0,0.0,0.0,93,0,0,0,0,10,0,10,1,18,0.0
72.69,0.0,0.0,0.0,100,0,0,0,0,10,0,10,1,18,0.0
59.99,0.0,0.0,0.0,99,0,0,0,0,10,0,10,1,10,0.0
320.99,0.0,0.0,0.0,92,0,0,0,0,10,0,10,1,10,0.0
90.0,0.0,0.0,0.0,95,0,0,0,0,10,0,10,1,10,0.0
149.99,0.0,0.0,0.0,88,0,0,0,0,10,0,10,1,10,0.0
109.99,0.0,0.0,0.0,100,0,0,0,0,10,0,10,1,10,0.0
239.99,0.0,0.0,0.0,93,0,0,0,0,10,0,10,1,10,0.0
439.99,0.0,0.0,0.0,99,0,0,0,0,10,0,10,1,10,0.0
110.0,0.0,0.0,0.0,94,0,0,0,0,10,0,10,1,10,0.0
159.99,0.0,0.0,0.0,92,0,0,0,0,10,0,10,1,10,0.0
156.0,0.0,0.0,0.0,100,0,0,0,0,10,0,10,1,8,0.0
130.0,0.0,0.0,0.0,100,0,0,0,0,10,0,10,1,8,0.0
869.99,0.0,0.0,0.0,100,0,0,0,0,10,0,10,1,8,0.0
799.99,0.0,0.0,0.0,99,0,0,0,0,10,0,10,1,8,0.0
149.0,0.0,0.0,0.0,100,0,0,0,0,10,0,10,1,8,0.0
0.0,0.0,0.0,0.0,99,0,0,0,0,10,0,10,1,19,0.0
99.99,0.0,0.0,0.0,84,0,0,0,0,10,0,10,1,19,0.0
38.68,0.0,0.0,0.0,99,0,0,0,0,10,0,10,1,19,0.0
42.0,0.0,0.0,0.0,98,0,0,0,0,10,0,10,1,19,0.0
0.0,0.0,0.0,0.0,35,0,0,0,0,10,0,10,1,19,0.0
19.99,0.0,0.0,0.0,90,0,0,0,0,10,0,10,1,19,0.0
9.87,0.0,0.0,0.0,56,0,0,0,0,10,0,10,1,19,0.0
25.64,0.0,0.0,0.0,75,0,0,0,0,10,0,10,1,19,0.0
299.99,0.0,0.0,0.0,99,0,0,0,0,10,0,10,1,11,0.0
549.99,0.0,0.0,0.0,86,0,0,0,0,10,0,10,1,11,0.0
539.0,0.0,0.0,0.0,81,0,0,0,0,10,0,10,1,11,0.0
499.99,0.0,0.0,0.0,93,0,0,0,0,10,0,10,1,11,0.0
257.0,0.0,0.0,0.0,100,0,0,0,0,10,0,10,1,11,0.0
766.09,0.0,0.0,0.0,88,0,0,0,0,10,0,10,1,11,0.0
359.99,0.0,0.0,0.0,100,0,0,0,0,10,0,10,1,11,0.0
219.99,0.0,0.0,0.0,80,0,0,0,0,10,0,10,1,11,0.0
349.0,0.0,0.0,0.0,100,0,0,0,0,10,0,10,1,11,0.0
4.99,0.0,0.0,0.0,99,0,0,0,0,10,0,10,1,17,0.0
4.99,0.0,0.0,0.0,59,0,0,0,0,10,0,10,1,17,0.0
11.98,0.0,0.0,0.0,76,0,0,0,0,10,0,10,1,17,0.0
199.99,0.0,0.0,0.0,100,0,0,0,0,10,0,10,1,29,0.0
4.99,0.0,0.0,0.0,100,0,0,0,0,10,0,10,1,22,0.0
594.99,0.0,0.0,0.0,65,0,0,0,0,10,0,10,1,2,0.0
17.99,0.0,0.0,0.0,53,0,0,0,0,10,0,10,1,2,0.0
74.99,0.0,0.0,0.0,79,0,0,0,0,10,0,10,1,2,0.0
74.99,0.0,0.0,0.0,100,0,0,0,0,10,0,10,1,27,0.0
189.99,0.0,0.0,0.0,86,0,0,0,0,10,0,10,1,27,0.0
12.99,0.0,0.0,0.0,73,0,0,0,0,10,0,10,1,27,0.0
129.0,0.0,0.0,0.0,86,0,0,0,0,10,0,10,1,27,0.0
103.0,0.0,0.0,0.0,76,0,0,0,0,10,0,10,1,27,0.0
764.99,0.0,0.0,0.0,83,0,0,0,0,10,0,10,1,27,0.0
448.0,0.0,0.0,0.0,100,0,0,0,0,10,0,10,1,27,0.0
188.0,0.0,0.0,0.0,68,0,0,0,0,10,0,10,1,27,0.0
400.0,0.0,0.0,0.0,100,0,0,0,0,10,0,10,1,27,0.0
529.0,0.0,0.0,0.0,100,0,0,0,0,22,5,10,1,3,0.0
19.98,0.0,0.0,0.0,99,0,0,0,0,22,5,10,1,3,0.0
319.99,0.0,0.0,0.0,70,0,0,0,0,22,5,10,1,3,0.0
279.0,0.0,0.0,0.0,86,0,0,0,0,22,5,10,1,3,0.0
10.34,0.0,0.0,0.0,100,0,0,0,0,22,5,10,1,26,0.0
89.99,0.0,0.0,0.0,79,0,0,0,0,22,5,10,1,26,0.0
299.0,0.0,0.0,0.0,95,0,0,0,0,22,5,10,1,11,0.0
151.05,0.0,0.0,0.0,63,0,0,0,0,22,5,10,1,13,0.0
299.99,0.0,0.0,0.0,57,0,0,0,0,22,5,10,1,13,0.0
728.99,0.0,0.0,0.0,100,0,0,0,0,22,5,10,1,13,0.0
479.0,0.0,0.0,0.0,100,0,0,0,0,22,5,10,1,15,0.0
329.99,0.0,0.0,0.0,76,0,0,0,0,22,5,10,1,15,0.0
479.99,0.0,0.0,0.0,53,0,0,0,0,22,5,10,1,10,0.0
799.99,0.0,0.0,0.0,87,0,0,0,0,22,5,10,1,8,0.0
178.0,0.0,0.0,0.0,90,0,0,0,0,22,5,10,1,8,0.0
279.0,0.0,0.0,0.0,100,0,0,0,0,22,5,10,1,8,0.0
28.41,0.0,0.0,0.0,99,0,0,0,0,22,5,10,1,19,0.0
449.0,0.0,0.0,0.0,100,0,0,0,0,22,5,10,1,13,0.0
899.0,0.0,0.0,0.0,100,0,0,0,0,22,5,10,1,11,0.0
599.0,0.0,0.0,0.0,100,0,0,0,0,22,5,10,1,11,0.0
12.99,0.0,0.0,0.0,63,0,0,0,0,22,5,10,1,17,0.0
50.0,0.0,0.0,0.0,100,0,0,0,0,22,5,10,1,17,0.0
14.99,0.0,0.0,0.0,76,0,0,0,0,22,5,10,1,17,0.0
149.99,0.0,0.0,0.0,81,0,0,0,0,22,5,10,1,2,0.0
149.99,0.0,0.0,0.0,79,0,0,0,0,22,5,10,1,2,0.0
49.0,0.0,0.0,0.0,93,0,0,0,0,22,5,10,1,2,0.0
159.0,0.0,0.0,0.0,74,0,0,0,0,22,5,10,1,27,0.0
549.99,0.0,0.0,0.0,100,0,0,0,0,22,5,10,1,27,0.0
29.0,0.0,0.0,0.0,100,0,0,0,0,22,5,10,1,27,0.0
189.0,0.0,0.0,0.0,99,0,0,0,0,22,5,10,1,27,0.0
0.01,0.0,0.0,0.0,100,0,0,0,0,16,5,10,1,3,0.0
279.0,0.0,0.0,0.0,100,0,0,0,0,16,5,10,1,3,0.0
0.0,0.0,0.0,0.0,72,0,0,0,0,16,5,10,1,3,0.0
248.99,0.0,0.0,0.0,81,0,0,0,0,16,5,10,1,3,0.0
599.99,0.0,0.0,0.0,66,0,0,0,0,16,5,10,1,3,0.0
600.0,0.0,0.0,0.0,100,0,0,0,0,16,5,10,1,3,0.0
7.99,0.0,0.0,0.0,83,0,0,0,0,16,5,10,1,3,0.0
254.99,0.0,0.0,0.0,100,0,0,0,0,16,5,10,1,3,0.0
0.0,0.0,0.0,0.0,77,0,0,0,0,16,5,10,1,3,0.0
25.0,0.0,0.0,0.0,86,0,0,0,0,16,5,10,1,3,0.0
499.0,0.0,0.0,0.0,29,0,0,0,0,16,5,10,1,3,0.0
649.99,0.0,0.0,0.0,91,0,0,0,0,16,5,10,1,3,0.0
239.99,0.0,0.0,0.0,100,0,0,0,0,16,5,10,1,3,0.0
599.99,0.0,0.0,0.0,100,0,0,0,0,16,5,10,1,3,0.0
71.76,0.0,0.0,0.0,30,0,0,0,0,16,5,10,1,3,0.0
79.99,0.0,0.0,0.0,100,0,0,0,0,16,5,10,1,3,0.0
14.99,0.0,0.0,0.0,59,0,0,0,0,16,5,10,1,3,0.0
949.0,0.0,0.0,0.0,100,0,0,0,0,16,5,10,1,3,0.0
166.97,0.0,0.0,0.0,91,0,0,0,0,16,5,10,1,3,0.0
175.0,0.0,0.0,0.0,100,0,0,0,0,16,5,10,1,3,0.0
179.0,0.0,0.0,0.0,99,0,0,0,0,16,5,10,1,3,0.0
0.0,0.0,0.0,0.0,100,0,0,0,0,16,5,10,1,3,0.0
133.49,0.0,0.0,0.0,87,0,0,0,0,16,5,10,1,3,0.0
316.52,0.0,0.0,0.0,92,0,0,0,0,16,5,10,1,3,0.0
227.98,0.0,0.0,0.0,91,0,0,0,0,16,5,10,1,3,0.0
999.0,0.0,0.0,0.0,55,0,0,0,0,16,5,10,1,3,0.0
129.0,0.0,0.0,0.0,91,0,0,0,0,16,5,10,1,3,0.0
179.99,0.0,0.0,0.0,92,0,0,0,0,16,5,10,1,3,0.0
569.99,0.0,0.0,0.0,100,0,0,0,0,16,5,10,1,3,0.0
149.99,0.0,0.0,0.0,77,0,0,0,0,16,5,10,1,3,0.0
150.0,0.0,0.0,0.0,52,0,0,0,0,16,5,10,1,3,0.0
59.99,0.0,0.0,0.0,100,0,0,0,0,16,5,10,1,3,0.0
504.0,0.0,0.0,0.0,83,0,0,0,0,16,5,10,1,3,0.0
121.99,0.0,0.0,0.0,88,0,0,0,0,16,5,10,1,3,0.0
159.99,0.0,0.0,0.0,73,0,0,0,0,16,5,10,1,3,0.0
479.99,0.0,0.0,0.0,100,0,0,0,0,16,5,10,1,3,0.0
106.72,0.0,0.0,0.0,100,0,0,0,0,16,5,10,1,3,0.0
7.99,0.0,0.0,0.0,100,0,0,0,0,16,5,10,1,3,0.0
319.99,0.0,0.0,0.0,99,0,0,0,0,16,5,10,1,3,0.0
969.0,0.0,0.0,0.0,100,0,0,0,0,16,5,10,1,3,0.0
0.0,0.0,0.0,0.0,71,0,0,0,0,16,5,10,1,26,0.0
64.99,0.0,0.0,0.0,72,0,0,0,0,16,5,10,1,26,0.0
118.98,0.0,0.0,0.0,97,0,0,0,0,16,5,10,1,26,0.0
5.97,0.0,0.0,0.0,63,0,0,0,0,16,5,10,1,26,0.0
65.0,0.0,0.0,0.0,100,0,0,0,0,16,5,10,1,26,0.0
0.0,0.0,0.0,0.0,48,0,0,0,0,16,5,10,1,26,0.0
29.0,0.0,0.0,0.0,79,0,0,0,0,16,5,10,1,26,0.0
0.0,0.0,0.0,0.0,100,0,0,0,0,16,5,10,1,26,0.0
89.99,0.0,0.0,0.0,90,0,0,0,0,16,5,10,1,26,0.0
11.21,0.0,0.0,0.0,82,0,0,0,0,16,5,10,1,26,0.0
64.99,0.0,0.0,0.0,41,0,0,0,0,16,5,10,1,26,0.0
596.99,0.0,0.0,0.0,83,0,0,0,0,16,5,10,1,26,0.0
0.0,0.0,0.0,0.0,40,0,0,0,0,16,5,10,1,26,0.0
15.87,0.0,0.0,0.0,77,0,0,0,0,16,5,10,1,26,0.0
37.0,0.0,0.0,0.0,71,0,0,0,0,16,5,10,1,26,0.0
9.02,0.0,0.0,0.0,88,0,0,0,0,16,5,10,1,26,0.0
51.28,0.0,0.0,0.0,97,0,0,0,0,16,5,10,1,26,0.0
349.99,0.0,0.0,0.0,60,0,0,0,0,16,5,10,1,26,0.0
648.0,0.0,0.0,0.0,48,0,0,0,0,16,5,10,1,26,0.0
199.0,0.0,0.0,0.0,88,0,0,0,0,16,5,10,1,26,0.0
9.99,0.0,0.0,0.0,100,0,0,0,0,16,5,10,1,26,0.0
39.0,0.0,0.0,0.0,100,0,0,0,0,16,5,10,1,26,0.0
399.0,0.0,0.0,0.0,75,0,0,0,0,16,5,10,1,26,0.0
346.0,0.0,0.0,0.0,79,0,0,0,0,16,5,10,1,26,0.0
399.95,0.0,0.0,0.0,63,0,0,0,0,16,5,10,1,26,0.0
3.99,0.0,0.0,0.0,100,0,0,0,0,16,5,10,1,26,0.0
5.99,0.0,0.0,0.0,82,0,0,0,0,16,5,10,1,26,0.0
584.0,0.0,0.0,0.0,99,0,0,0,0,16,5,10,1,26,0.0
94.99,0.0,0.0,0.0,80,0,0,0,0,16,5,10,1,26,0.0
64.99,0.0,0.0,0.0,45,0,0,0,0,16,5,10,1,26,0.0
699.99,0.0,0.0,0.0,83,0,0,0,0,16,5,10,1,26,0.0
89.99,0.0,0.0,0.0,93,0,0,0,0,16,5,10,1,26,0.0
0.0,0.0,0.0,0.0,76,0,0,0,0,16,5,10,1,26,0.0
9.42,0.0,0.0,0.0,100,0,0,0,0,16,5,10,1,26,0.0
39.99,0.0,0.0,0.0,94,0,0,0,0,16,5,10,1,26,0.0
19.0,0.0,0.0,0.0,84,0,0,0,0,16,5,10,1,26,0.0
799.0,0.0,0.0,0.0,88,0,0,0,0,16,5,10,1,11,0.0
599.0,0.0,0.0,0.0,100,0,0,0,0,16,5,10,1,11,0.0
249.0,0.0,0.0,0.0,100,0,0,0,0,16,5,10,1,11,0.0
167.0,0.0,0.0,0.0,95,0,0,0,0,16,5,10,1,11,0.0
109.0,0.0,0.0,0.0,99,0,0,0,0,16,5,10,1,11,0.0
397.49,0.0,0.0,0.0,100,0,0,0,0,16,5,10,1,11,0.0
717.99,0.0,0.0,0.0,100,0,0,0,0,16,5,10,1,11,0.0
499.99,0.0,0.0,0.0,83,0,0,0,0,16,5,10,1,11,0.0
579.99,0.0,0.0,0.0,77,0,0,0,0,16,5,10,1,11,0.0
349.0,0.0,0.0,0.0,76,0,0,0,0,16,5,10,1,11,0.0
249.99,0.0,0.0,0.0,100,0,0,0,0,16,5,10,1,11,0.0
117.0,0.0,0.0,0.0,99,0,0,0,0,16,5,10,1,11,0.0
549.99,0.0,0.0,0.0,89,0,0,0,0,16,5,10,1,11,0.0
749.99,0.0,0.0,0.0,99,0,0,0,0,16,5,10,1,11,0.0
499.99,0.0,0.0,0.0,100,0,0,0,0,16,5,10,1,11,0.0
499.0,0.0,0.0,0.0,97,0,0,0,0,16,5,10,1,11,0.0
399.99,0.0,0.0,0.0,100,0,0,0,0,16,5,10,1,11,0.0
799.0,0.0,0.0,0.0,84,0,0,0,0,16,5,10,1,11,0.0
265.0,0.0,0.0,0.0,99,0,0,0,0,16,5,10,1,11,0.0
149.0,0.0,0.0,0.0,98,0,0,0,0,16,5,10,1,11,0.0
379.0,0.0,0.0,0.0,99,0,0,0,0,16,5,10,1,11,0.0
219.0,0.0,0.0,0.0,87,0,0,0,0,16,5,10,1,11,0.0
699.99,0.0,0.0,0.0,90,0,0,0,0,16,5,10,1,11,0.0
129.0,0.0,0.0,0.0,56,0,0,0,0,16,5,10,1,11,0.0
529.0,0.0,0.0,0.0,96,0,0,0,0,16,5,10,1,11,0.0
649.99,0.0,0.0,0.0,75,0,0,0,0,16,5,10,1,11,0.0
999.0,0.0,0.0,0.0,68,0,0,0,0,16,5,10,1,11,0.0
682.49,0.0,0.0,0.0,99,0,0,0,0,16,5,10,1,11,0.0
382.19,0.0,0.0,0.0,100,0,0,0,0,16,5,10,1,11,0.0
579.99,0.0,0.0,0.0,97,0,0,0,0,16,5,10,1,6,0.0
61.19,0.0,0.0,0.0,99,0,0,0,0,16,5,10,1,6,0.0
899.98,0.0,0.0,0.0,80,0,0,0,0,16,5,10,1,6,0.0
481.99,0.0,0.0,0.0,100,0,0,0,0,16,5,10,1,6,0.0
201.99,0.0,0.0,0.0,81,0,0,0,0,16,5,10,1,6,0.0
269.99,0.0,0.0,0.0,98,0,0,0,0,16,5,10,1,6,0.0
259.99,0.0,0.0,0.0,100,0,0,0,0,16,5,10,1,6,0.0
239.99,0.0,0.0,0.0,100,0,0,0,0,16,5,10,1,6,0.0
209.99,0.0,0.0,0.0,83,0,0,0,0,16,5,10,1,6,0.0
749.99,0.0,0.0,0.0,99,0,0,0,0,16,5,10,1,6,0.0
549.99,0.0,0.0,0.0,99,0,0,0,0,16,5,10,1,6,0.0
279.0,0.0,0.0,0.0,100,0,0,0,0,16,5,10,1,6,0.0
79.99,0.0,0.0,0.0,100,0,0,0,0,16,5,10,1,6,0.0
199.99,0.0,0.0,0.0,89,0,0,0,0,16,5,10,1,6,0.0
449.99,0.0,0.0,0.0,100,0,0,0,0,16,5,10,1,6,0.0
619.99,0.0,0.0,0.0,69,0,0,0,0,16,5,10,1,6,0.0
639.99,0.0,0.0,0.0,99,0,0,0,0,16,5,10,1,6,0.0
729.99,0.0,0.0,0.0,99,0,0,0,0,16,5,10,1,6,0.0
539.99,0.0,0.0,0.0,80,0,0,0,0,16,5,10,1,6,0.0
599.99,0.0,0.0,0.0,100,0,0,0,0,16,5,10,1,6,0.0
499.88,0.0,0.0,0.0,86,0,0,0,0,16,5,10,1,6,0.0
199.99,0.0,0.0,0.0,97,0,0,0,0,16,5,10,1,6,0.0
259.99,0.0,0.0,0.0,99,0,0,0,0,16,5,10,1,6,0.0
338.0,0.0,0.0,0.0,67,0,0,0,0,16,5,10,1,6,0.0
499.99,0.0,0.0,0.0,85,0,0,0,0,16,5,10,1,6,0.0
132.0,0.0,0.0,0.0,100,0,0,0,0,16,5,10,1,6,0.0
106.22,0.0,0.0,0.0,77,0,0,0,0,16,5,10,1,6,0.0
199.99,0.0,0.0,0.0,73,0,0,0,0,16,5,10,1,6,0.0
349.99,0.0,0.0,0.0,99,0,0,0,0,16,5,10,1,30,0.0
249.99,0.0,0.0,0.0,60,0,0,0,0,16,5,10,1,30,0.0
349.99,0.0,0.0,0.0,100,0,0,0,0,16,5,10,1,30,0.0
649.99,0.0,0.0,0.0,100,0,0,0,0,16,5,10,1,30,0.0
669.99,0.0,0.0,0.0,100,0,0,0,0,16,5,10,1,30,0.0
674.99,0.0,0.0,0.0,96,0,0,0,0,16,5,10,1,20,0.0
140.0,0.0,0.0,0.0,31,0,0,0,0,16,5,10,1,20,0.0
299.99,0.0,0.0,0.0,100,0,0,0,0,16,5,10,1,1,0.0
104.88,0.0,0.0,0.0,100,0,0,0,0,16,5,10,1,1,0.0
174.98,0.0,0.0,0.0,100,0,0,0,0,16,5,10,1,1,0.0
629.99,0.0,0.0,0.0,100,0,0,0,0,16,5,10,1,1,0.0
114.62,0.0,0.0,0.0,96,0,0,0,0,16,5,10,1,1,0.0
135.0,0.0,0.0,0.0,100,0,0,0,0,16,5,10,1,13,0.0
129.0,0.0,0.0,0.0,100,0,0,0,0,16,5,10,1,13,0.0
566.99,0.0,0.0,0.0,100,0,0,0,0,16,5,10,1,13,0.0
98.79,0.0,0.0,0.0,97,0,0,0,0,16,5,10,1,13,0.0
102.99,0.0,0.0,0.0,94,0,0,0,0,16,5,10,1,13,0.0
159.98,0.0,0.0,0.0,100,0,0,0,0,16,5,10,1,13,0.0
599.99,0.0,0.0,0.0,87,0,0,0,0,16,5,10,1,13,0.0
688.94,0.0,0.0,0.0,99,0,0,0,0,16,5,10,1,13,0.0
199.99,0.0,0.0,0.0,94,0,0,0,0,16,5,10,1,13,0.0
680.99,0.0,0.0,0.0,100,0,0,0,0,16,5,10,1,13,0.0
389.96,0.0,0.0,0.0,100,0,0,0,0,16,5,10,1,13,0.0
169.99,0.0,0.0,0.0,96,0,0,0,0,16,5,10,1,13,0.0
69.99,0.0,0.0,0.0,82,0,0,0,0,16,5,10,1,13,0.0
429.29,0.0,0.0,0.0,100,0,0,0,0,16,5,10,1,13,0.0
649.0,0.0,0.0,0.0,100,0,0,0,0,16,5,10,1,13,0.0
599.99,0.0,0.0,0.0,94,0,0,0,0,16,5,10,1,13,0.0
485.99,0.0,0.0,0.0,83,0,0,0,0,16,5,10,1,13,0.0
179.99,0.0,0.0,0.0,82,0,0,0,0,16,5,10,1,13,0.0
729.99,0.0,0.0,0.0,98,0,0,0,0,16,5,10,1,13,0.0
950.0,0.0,0.0,0.0,100,0,0,0,0,16,5,10,1,13,0.0
809.99,0.0,0.0,0.0,100,0,0,0,0,16,5,10,1,13,0.0
55.47,0.0,0.0,0.0,100,0,0,0,0,16,5,10,1,13,0.0
851.57,0.0,0.0,0.0,100,0,0,0,0,16,5,10,1,13,0.0
89.99,0.0,0.0,0.0,67,0,0,0,0,16,5,10,1,13,0.0
269.0,0.0,0.0,0.0,89,0,0,0,0,16,5,10,1,13,0.0
720.99,0.0,0.0,0.0,100,0,0,0,0,16,5,10,1,13,0.0
227.98,0.0,0.0,0.0,99,0,0,0,0,16,5,10,1,13,0.0
229.99,0.0,0.0,0.0,81,0,0,0,0,16,5,10,1,13,0.0
369.99,0.0,0.0,0.0,100,0,0,0,0,16,5,10,1,13,0.0
149.0,0.0,0.0,0.0,100,0,0,0,0,16,5,10,1,13,0.0
679.99,0.0,0.0,0.0,100,0,0,0,0,16,5,10,1,13,0.0
809.99,0.0,0.0,0.0,100,0,0,0,0,16,5,10,1,13,0.0
234.0,0.0,0.0,0.0,100,0,0,0,0,16,5,10,1,13,0.0
79.0,0.0,0.0,0.0,89,0,0,0,0,16,5,10,1,13,0.0
879.99,0.0,0.0,0.0,99,0,0,0,0,16,5,10,1,13,0.0
799.99,0.0,0.0,0.0,100,0,0,0,0,16,5,10,1,13,0.0
249.0,0.0,0.0,0.0,100,0,0,0,0,16,5,10,1,13,0.0
219.99,0.0,0.0,0.0,100,0,0,0,0,16,5,10,1,13,0.0
19.99,0.0,0.0,0.0,81,0,0,0,0,16,5,10,1,24,0.0
12.99,0.0,0.0,0.0,83,0,0,0,0,16,5,10,1,24,0.0
24.99,0.0,0.0,0.0,80,0,0,0,0,16,5,10,1,24,0.0
94.99,0.0,0.0,0.0,96,0,0,0,0,16,5,10,1,24,0.0
14.99,0.0,0.0,0.0,95,0,0,0,0,16,5,10,1,24,0.0
26.99,0.0,0.0,0.0,100,0,0,0,0,16,5,10,1,24,0.0
20.99,0.0,0.0,0.0,77,0,0,0,0,16,5,10,1,24,0.0
99.99,0.0,0.0,0.0,100,0,0,0,0,16,5,10,1,24,0.0
239.99,0.0,0.0,0.0,80,0,0,0,0,16,5,10,1,15,0.0
329.99,0.0,0.0,0.0,97,0,0,0,0,16,5,10,1,15,0.0
89.99,0.0,0.0,0.0,93,0,0,0,0,16,5,10,1,15,0.0
627.99,0.0,0.0,0.0,59,0,0,0,0,16,5,10,1,15,0.0
109.99,0.0,0.0,0.0,100,0,0,0,0,16,5,10,1,15,0.0
89.97,0.0,0.0,0.0,91,0,0,0,0,16,5,10,1,15,0.0
290.0,0.0,0.0,0.0,100,0,0,0,0,16,5,10,1,15,0.0
229.99,0.0,0.0,0.0,75,0,0,0,0,16,5,10,1,15,0.0
199.99,0.0,0.0,0.0,74,0,0,0,0,16,5,10,1,15,0.0
229.99,0.0,0.0,0.0,100,0,0,0,0,16,5,10,1,15,0.0
79.99,0.0,0.0,0.0,100,0,0,0,0,16,5,10,1,15,0.0
94.99,0.0,0.0,0.0,100,0,0,0,0,16,5,10,1,15,0.0
179.99,0.0,0.0,0.0,90,0,0,0,0,16,5,10,1,15,0.0
159.99,0.0,0.0,0.0,70,0,0,0,0,16,5,10,1,15,0.0
699.0,0.0,0.0,0.0,77,0,0,0,0,16,5,10,1,15,0.0
145.0,0.0,0.0,0.0,43,0,0,0,0,16,5,10,1,15,0.0
159.99,0.0,0.0,0.0,76,0,0,0,0,16,5,10,1,15,0.0
79.99,0.0,0.0,0.0,96,0,0,0,0,16,5,10,1,15,0.0
279.99,0.0,0.0,0.0,50,0,0,0,0,16,5,10,1,15,0.0
110.0,0.0,0.0,0.0,70,0,0,0,0,16,5,10,1,15,0.0
239.99,0.0,0.0,0.0,97,0,0,0,0,16,5,10,1,15,0.0
169.99,0.0,0.0,0.0,70,0,0,0,0,16,5,10,1,15,0.0
199.99,0.0,0.0,0.0,86,0,0,0,0,16,5,10,1,15,0.0
299.99,0.0,0.0,0.0,100,0,0,0,0,16,5,10,1,15,0.0
424.99,0.0,0.0,0.0,100,0,0,0,0,16,5,10,1,15,0.0
160.13,0.0,0.0,0.0,94,0,0,0,0,16,5,10,1,15,0.0
495.99,0.0,0.0,0.0,61,0,0,0,0,16,5,10,1,15,0.0
90.0,0.0,0.0,0.0,81,0,0,0,0,16,5,10,1,15,0.0
259.99,0.0,0.0,0.0,96,0,0,0,0,16,5,10,1,15,0.0
199.99,0.0,0.0,0.0,84,0,0,0,0,16,5,10,1,15,0.0
99.99,0.0,0.0,0.0,90,0,0,0,0,16,5,10,1,15,0.0
143.9,0.0,0.0,0.0,93,0,0,0,0,16,5,10,1,18,0.0
119.9,0.0,0.0,0.0,92,0,0,0,0,16,5,10,1,18,0.0
119.9,0.0,0.0,0.0,86,0,0,0,0,16,5,10,1,18,0.0
158.0,0.0,0.0,0.0,97,0,0,0,0,16,5,10,1,18,0.0
186.32,0.0,0.0,0.0,91,0,0,0,0,16,5,10,1,18,0.0
119.99,0.0,0.0,0.0,95,0,0,0,0,16,5,10,1,18,0.0
99.99,0.0,0.0,0.0,88,0,0,0,0,16,5,10,1,18,0.0
49.99,0.0,0.0,0.0,85,0,0,0,0,16,5,10,1,18,0.0
119.99,0.0,0.0,0.0,58,0,0,0,0,16,5,10,1,18,0.0
158.99,0.0,0.0,0.0,96,0,0,0,0,16,5,10,1,18,0.0
29.99,0.0,0.0,0.0,86,0,0,0,0,16,5,10,1,18,0.0
38.99,0.0,0.0,0.0,100,0,0,0,0,16,5,10,1,4,0.0
69.99,0.0,0.0,0.0,100,0,0,0,0,16,5,10,1,4,0.0
39.99,0.0,0.0,0.0,70,0,0,0,0,16,5,10,1,4,0.0
61.15,0.0,0.0,0.0,75,0,0,0,0,16,5,10,1,4,0.0
79.99,0.0,0.0,0.0,100,0,0,0,0,16,5,10,1,4,0.0
199.99,0.0,0.0,0.0,95,0,0,0,0,16,5,10,1,4,0.0
164.99,0.0,0.0,0.0,94,0,0,0,0,16,5,10,1,4,0.0
121.99,0.0,0.0,0.0,89,0,0,0,0,16,5,10,1,10,0.0
90.0,0.0,0.0,0.0,84,0,0,0,0,16,5,10,1,10,0.0
14.97,0.0,0.0,0.0,85,0,0,0,0,16,5,10,1,10,0.0
109.99,0.0,0.0,0.0,100,0,0,0,0,16,5,10,1,10,0.0
49.99,0.0,0.0,0.0,100,0,0,0,0,16,5,10,1,10,0.0
201.99,0.0,0.0,0.0,96,0,0,0,0,16,5,10,1,10,0.0
0.0,0.0,0.0,0.0,99,0,0,0,0,16,5,10,1,10,0.0
113.88,0.0,0.0,0.0,95,0,0,0,0,16,5,10,1,10,0.0
86.44,0.0,0.0,0.0,84,0,0,0,0,16,5,10,1,10,0.0
194.99,0.0,0.0,0.0,92,0,0,0,0,16,5,10,1,10,0.0
349.99,0.0,0.0,0.0,91,0,0,0,0,16,5,10,1,10,0.0
118.99,0.0,0.0,0.0,100,0,0,0,0,16,5,10,1,10,0.0
109.99,0.0,0.0,0.0,95,0,0,0,0,16,5,10,1,10,0.0
5.49,0.0,0.0,0.0,96,0,0,0,0,16,5,10,1,10,0.0
544.0,0.0,0.0,0.0,91,0,0,0,0,16,5,10,1,10,0.0
69.98,0.0,0.0,0.0,85,0,0,0,0,16,5,10,1,10,0.0
64.99,0.0,0.0,0.0,91,0,0,0,0,16,5,10,1,10,0.0
199.99,0.0,0.0,0.0,88,0,0,0,0,16,5,10,1,10,0.0
186.99,0.0,0.0,0.0,100,0,0,0,0,16,5,10,1,10,0.0
99.99,0.0,0.0,0.0,100,0,0,0,0,16,5,10,1,10,0.0
591.5,0.0,0.0,0.0,77,0,0,0,0,16,5,10,1,10,0.0
271.6,0.0,0.0,0.0,75,0,0,0,0,16,5,10,1,10,0.0
110.0,0.0,0.0,0.0,93,0,0,0,0,16,5,10,1,10,0.0
229.99,0.0,0.0,0.0,100,0,0,0,0,16,5,10,1,10,0.0
349.78,0.0,0.0,0.0,100,0,0,0,0,16,5,10,1,8,0.0
499.99,0.0,0.0,0.0,100,0,0,0,0,16,5,10,1,8,0.0
251.99,0.0,0.0,0.0,95,0,0,0,0,16,5,10,1,8,0.0
749.99,0.0,0.0,0.0,100,0,0,0,0,16,5,10,1,8,0.0
174.0,0.0,0.0,0.0,97,0,0,0,0,16,5,10,1,8,0.0
284.05,0.0,0.0,0.0,100,0,0,0,0,16,5,10,1,8,0.0
199.0,0.0,0.0,0.0,99,0,0,0,0,16,5,10,1,8,0.0
194.0,0.0,0.0,0.0,100,0,0,0,0,16,5,10,1,8,0.0
139.0,0.0,0.0,0.0,100,0,0,0,0,16,5,10,1,8,0.0
227.0,0.0,0.0,0.0,90,0,0,0,0,16,5,10,1,8,0.0
449.99,0.0,0.0,0.0,84,0,0,0,0,16,5,10,1,8,0.0
218.0,0.0,0.0,0.0,82,0,0,0,0,16,5,10,1,8,0.0
449.99,0.0,0.0,0.0,100,0,0,0,0,16,5,10,1,8,0.0
599.88,0.0,0.0,0.0,100,0,0,0,0,16,5,10,1,8,0.0
499.0,0.0,0.0,0.0,80,0,0,0,0,16,5,10,1,8,0.0
213.0,0.0,0.0,0.0,89,0,0,0,0,16,5,10,1,8,0.0
769.99,0.0,0.0,0.0,100,0,0,0,0,16,5,10,1,8,0.0
132.0,0.0,0.0,0.0,99,0,0,0,0,16,5,10,1,8,0.0
179.0,0.0,0.0,0.0,95,0,0,0,0,16,5,10,1,8,0.0
799.99,0.0,0.0,0.0,81,0,0,0,0,16,5,10,1,8,0.0
149.0,0.0,0.0,0.0,94,0,0,0,0,16,5,10,1,8,0.0
682.99,0.0,0.0,0.0,99,0,0,0,0,16,5,10,1,8,0.0
106.0,0.0,0.0,0.0,100,0,0,0,0,16,5,10,1,8,0.0
599.99,0.0,0.0,0.0,100,0,0,0,0,16,5,10,1,8,0.0
883.99,0.0,0.0,0.0,100,0,0,0,0,16,5,10,1,8,0.0
169.0,0.0,0.0,0.0,100,0,0,0,0,16,5,10,1,8,0.0
164.0,0.0,0.0,0.0,96,0,0,0,0,16,5,10,1,8,0.0
159.0,0.0,0.0,0.0,82,0,0,0,0,16,5,10,1,8,0.0
349.0,0.0,0.0,0.0,100,0,0,0,0,16,5,10,1,8,0.0
132.0,0.0,0.0,0.0,59,0,0,0,0,16,5,10,1,8,0.0
169.0,0.0,0.0,0.0,100,0,0,0,0,16,5,10,1,8,0.0
209.0,0.0,0.0,0.0,100,0,0,0,0,16,5,10,1,8,0.0
799.0,0.0,0.0,0.0,94,0,0,0,0,16,5,10,1,8,0.0
459.99,0.0,0.0,0.0,100,0,0,0,0,16,5,10,1,8,0.0
167.99,0.0,0.0,0.0,100,0,0,0,0,16,5,10,1,8,0.0
159.0,0.0,0.0,0.0,89,0,0,0,0,16,5,10,1,8,0.0
110.0,0.0,0.0,0.0,94,0,0,0,0,16,5,10,1,8,0.0
750.0,0.0,0.0,0.0,100,0,0,0,0,16,5,10,1,8,0.0
699.99,0.0,0.0,0.0,91,0,0,0,0,16,5,10,1,8,0.0
429.99,0.0,0.0,0.0,91,0,0,0,0,16,5,10,1,8,0.0
279.99,0.0,0.0,0.0,88,0,0,0,0,16,5,10,1,21,0.0
829.0,0.0,0.0,0.0,100,0,0,0,0,16,5,10,1,21,0.0
296.99,0.0,0.0,0.0,90,0,0,0,0,16,5,10,1,21,0.0
109.0,0.0,0.0,0.0,54,0,0,0,0,16,5,10,1,19,0.0
65.0,0.0,0.0,0.0,100,0,0,0,0,16,5,10,1,19,0.0
269.48,0.0,0.0,0.0,94,0,0,0,0,16,5,10,1,19,0.0
38.39,0.0,0.0,0.0,58,0,0,0,0,16,5,10,1,19,0.0
43.84,0.0,0.0,0.0,99,0,0,0,0,16,5,10,1,19,0.0
16.99,0.0,0.0,0.0,56,0,0,0,0,16,5,10,1,19,0.0
0.0,0.0,0.0,0.0,100,0,0,0,0,16,5,10,1,19,0.0
63.21,0.0,0.0,0.0,99,0,0,0,0,16,5,10,1,19,0.0
239.7,0.0,0.0,0.0,68,0,0,0,0,16,5,10,1,19,0.0
48.99,0.0,0.0,0.0,97,0,0,0,0,16,5,10,1,19,0.0
220.53,0.0,0.0,0.0,82,0,0,0,0,16,5,10,1,19,0.0
0.0,0.0,0.0,0.0,72,0,0,0,0,16,5,10,1,19,0.0
42.99,0.0,0.0,0.0,98,0,0,0,0,16,5,10,1,19,0.0
40.98,0.0,0.0,0.0,81,0,0,0,0,16,5,10,1,19,0.0
34.6,0.0,0.0,0.0,88,0,0,0,0,16,5,10,1,19,0.0
233.95,0.0,0.0,0.0,100,0,0,0,0,16,5,10,1,19,0.0
54.38,0.0,0.0,0.0,79,0,0,0,0,16,5,10,1,19,0.0
21.69,0.0,0.0,0.0,100,0,0,0,0,16,5,10,1,19,0.0
44.08,0.0,0.0,0.0,100,0,0,0,0,16,5,10,1,19,0.0
51.48,0.0,0.0,0.0,57,0,0,0,0,16,5,10,1,19,0.0
32.99,0.0,0.0,0.0,87,0,0,0,0,16,5,10,1,19,0.0
16.79,0.0,0.0,0.0,81,0,0,0,0,16,5,10,1,19,0.0
219.99,0.0,0.0,0.0,100,0,0,0,0,16,5,10,1,19,0.0
0.0,0.0,0.0,0.0,32,0,0,0,0,16,5,10,1,19,0.0
239.99,0.0,0.0,0.0,47,0,0,0,0,16,5,10,1,19,0.0
9.07,0.0,0.0,0.0,61,0,0,0,0,16,5,10,1,19,0.0
59.99,0.0,0.0,0.0,95,0,0,0,0,16,5,10,1,19,0.0
0.0,0.0,0.0,0.0,100,0,0,0,0,16,5,10,1,19,0.0
154.0,0.0,0.0,0.0,67,0,0,0,0,16,5,10,1,19,0.0
372.37,0.0,0.0,0.0,49,0,0,0,0,16,5,10,1,19,0.0
56.05,0.0,0.0,0.0,89,0,0,0,0,16,5,10,1,19,0.0
229.46,0.0,0.0,0.0,67,0,0,0,0,16,5,10,1,19,0.0
103.0,0.0,0.0,0.0,74,0,0,0,0,16,5,10,1,19,0.0
26.99,0.0,0.0,0.0,70,0,0,0,0,16,5,10,1,19,0.0
0.0,0.0,0.0,0.0,100,0,0,0,0,16,5,10,1,19,0.0
79.99,0.0,0.0,0.0,91,0,0,0,0,16,5,10,1,19,0.0
83.99,0.0,0.0,0.0,76,0,0,0,0,16,5,10,1,19,0.0
42.83,0.0,0.0,0.0,92,0,0,0,0,16,5,10,1,19,0.0
68.39,0.0,0.0,0.0,97,0,0,0,0,16,5,10,1,13,0.0
139.0,0.0,0.0,0.0,100,0,0,0,0,16,5,10,1,11,0.0
114.0,0.0,0.0,0.0,100,0,0,0,0,16,5,10,1,11,0.0
678.99,0.0,0.0,0.0,100,0,0,0,0,16,5,10,1,11,0.0
104.0,0.0,0.0,0.0,99,0,0,0,0,16,5,10,1,11,0.0
105.0,0.0,0.0,0.0,100,0,0,0,0,16,5,10,1,11,0.0
149.0,0.0,0.0,0.0,100,0,0,0,0,16,5,10,1,11,0.0
150.0,0.0,0.0,0.0,100,0,0,0,0,16,5,10,1,11,0.0
145.0,0.0,0.0,0.0,100,0,0,0,0,16,5,10,1,11,0.0
159.0,0.0,0.0,0.0,100,0,0,0,0,16,5,10,1,11,0.0
219.0,0.0,0.0,0.0,100,0,0,0,0,16,5,10,1,11,0.0
109.0,0.0,0.0,0.0,91,0,0,0,0,16,5,10,1,11,0.0
599.99,0.0,0.0,0.0,100,0,0,0,0,16,5,10,1,11,0.0
4.55,0.0,0.0,0.0,100,0,0,0,0,16,5,10,1,17,0.0
20.0,0.0,0.0,0.0,84,0,0,0,0,16,5,10,1,17,0.0
699.99,0.0,0.0,0.0,100,0,0,0,0,16,5,10,1,17,0.0
112.0,0.0,0.0,0.0,94,0,0,0,0,16,5,10,1,17,0.0
599.0,0.0,0.0,0.0,100,0,0,0,0,16,5,10,1,17,0.0
58.0,0.0,0.0,0.0,87,0,0,0,0,16,5,10,1,17,0.0
3.99,0.0,0.0,0.0,100,0,0,0,0,16,5,10,1,17,0.0
25.99,0.0,0.0,0.0,96,0,0,0,0,16,5,10,1,17,0.0
0.0,0.0,0.0,0.0,40,0,0,0,0,16,5,10,1,17,0.0
829.0,0.0,0.0,0.0,100,0,0,0,0,16,5,10,1,17,0.0
13.99,0.0,0.0,0.0,100,0,0,0,0,16,5,10,1,17,0.0
0.0,0.0,0.0,0.0,54,0,0,0,0,16,5,10,1,17,0.0
6.99,0.0,0.0,0.0,99,0,0,0,0,16,5,10,1,17,0.0
4.99,0.0,0.0,0.0,74,0,0,0,0,16,5,10,1,17,0.0
12.99,0.0,0.0,0.0,87,0,0,0,0,16,5,10,1,17,0.0
5.3,0.0,0.0,0.0,65,0,0,0,0,16,5,10,1,17,0.0
19.88,0.0,0.0,0.0,99,0,0,0,0,16,5,10,1,17,0.0
15.99,0.0,0.0,0.0,100,0,0,0,0,16,5,10,1,17,0.0
6.47,0.0,0.0,0.0,60,0,0,0,0,16,5,10,1,17,0.0
3.99,0.0,0.0,0.0,87,0,0,0,0,16,5,10,1,17,0.0
75.0,0.0,0.0,0.0,100,0,0,0,0,16,5,10,1,17,0.0
10.49,0.0,0.0,0.0,100,0,0,0,0,16,5,10,1,17,0.0
7.99,0.0,0.0,0.0,99,0,0,0,0,16,5,10,1,17,0.0
6.99,0.0,0.0,0.0,57,0,0,0,0,16,5,10,1,17,0.0
10.0,0.0,0.0,0.0,100,0,0,0,0,16,5,10,1,17,0.0
599.99,0.0,0.0,0.0,99,0,0,0,0,16,5,10,1,17,0.0
4.99,0.0,0.0,0.0,99,0,0,0,0,16,5,10,1,17,0.0
9.99,0.0,0.0,0.0,100,0,0,0,0,16,5,10,1,17,0.0
4.0,0.0,0.0,0.0,67,0,0,0,0,16,5,10,1,17,0.0
499.99,0.0,0.0,0.0,80,0,0,0,0,16,5,10,1,29,0.0
729.99,0.0,0.0,0.0,75,0,0,0,0,16,5,10,1,29,0.0
949.99,0.0,0.0,0.0,61,0,0,0,0,16,5,10,1,29,0.0
599.0,0.0,0.0,0.0,61,0,0,0,0,16,5,10,1,22,0.0
170.99,0.0,0.0,0.0,83,0,0,0,0,16,5,10,1,22,0.0
279.0,0.0,0.0,0.0,100,0,0,0,0,16,5,10,1,22,0.0
342.99,0.0,0.0,0.0,100,0,0,0,0,16,5,10,1,22,0.0
359.0,0.0,0.0,0.0,100,0,0,0,0,16,5,10,1,22,0.0
359.0,0.0,0.0,0.0,100,0,0,0,0,16,5,10,1,22,0.0
264.0,0.0,0.0,0.0,92,0,0,0,0,16,5,10,1,22,0.0
309.0,0.0,0.0,0.0,100,0,0,0,0,16,5,10,1,22,0.0
10.0,0.0,0.0,0.0,100,0,0,0,0,16,5,10,1,22,0.0
329.0,0.0,0.0,0.0,100,0,0,0,0,16,5,10,1,22,0.0
149.99,0.0,0.0,0.0,83,0,0,0,0,16,5,10,1,22,0.0
22.5,0.0,0.0,0.0,100,0,0,0,0,16,5,10,1,22,0.0
338.99,0.0,0.0,0.0,100,0,0,0,0,16,5,10,1,22,0.0
734.99,0.0,0.0,0.0,100,0,0,0,0,16,5,10,1,22,0.0
199.99,0.0,0.0,0.0,100,0,0,0,0,16,5,10,1,22,0.0
14.99,0.0,0.0,0.0,85,0,0,0,0,16,5,10,1,22,0.0
279.99,0.0,0.0,0.0,99,0,0,0,0,16,5,10,1,22,0.0
199.99,0.0,0.0,0.0,100,0,0,0,0,16,5,10,1,22,0.0
169.99,0.0,0.0,0.0,91,0,0,0,0,16,5,10,1,22,0.0
399.99,0.0,0.0,0.0,99,0,0,0,0,16,5,10,1,22,0.0
599.99,0.0,0.0,0.0,88,0,0,0,0,16,5,10,1,22,0.0
360.0,0.0,0.0,0.0,54,0,0,0,0,16,5,10,1,22,0.0
123.97,0.0,0.0,0.0,100,0,0,0,0,16,5,10,1,22,0.0
134.99,0.0,0.0,0.0,100,0,0,0,0,16,5,10,1,22,0.0
114.97,0.0,0.0,0.0,100,0,0,0,0,16,5,10,1,22,0.0
270.0,0.0,0.0,0.0,100,0,0,0,0,16,5,10,1,22,0.0
149.99,0.0,0.0,0.0,100,0,0,0,0,16,5,10,1,22,0.0
349.99,0.0,0.0,0.0,91,0,0,0,0,16,5,10,1,22,0.0
249.0,0.0,0.0,0.0,93,0,0,0,0,16,5,10,1,2,0.0
81.99,0.0,0.0,0.0,100,0,0,0,0,16,5,10,1,2,0.0
48.99,0.0,0.0,0.0,62,0,0,0,0,16,5,10,1,2,0.0
999.99,0.0,0.0,0.0,83,0,0,0,0,16,5,10,1,2,0.0
24.0,0.0,0.0,0.0,87,0,0,0,0,16,5,10,1,2,0.0
89.0,0.0,0.0,0.0,85,0,0,0,0,16,5,10,1,2,0.0
17.0,0.0,0.0,0.0,50,0,0,0,0,16,5,10,1,2,0.0
199.99,0.0,0.0,0.0,100,0,0,0,0,16,5,10,1,2,0.0
121.0,0.0,0.0,0.0,85,0,0,0,0,16,5,10,1,2,0.0
31.49,0.0,0.0,0.0,77,0,0,0,0,16,5,10,1,2,0.0
89.99,0.0,0.0,0.0,89,0,0,0,0,16,5,10,1,2,0.0
149.0,0.0,0.0,0.0,59,0,0,0,0,16,5,10,1,2,0.0
89.0,0.0,0.0,0.0,27,0,0,0,0,16,5,10,1,2,0.0
299.97,0.0,0.0,0.0,29,0,0,0,0,16,5,10,1,2,0.0
291.0,0.0,0.0,0.0,100,0,0,0,0,16,5,10,1,2,0.0
299.99,0.0,0.0,0.0,100,0,0,0,0,16,5,10,1,2,0.0
79.0,0.0,0.0,0.0,100,0,0,0,0,16,5,10,1,2,0.0
37.99,0.0,0.0,0.0,68,0,0,0,0,16,5,10,1,2,0.0
121.0,0.0,0.0,0.0,95,0,0,0,0,16,5,10,1,2,0.0
41.99,0.0,0.0,0.0,74,0,0,0,0,16,5,10,1,2,0.0
179.99,0.0,0.0,0.0,83,0,0,0,0,16,5,10,1,2,0.0
249.99,0.0,0.0,0.0,30,0,0,0,0,16,5,10,1,2,0.0
99.97,0.0,0.0,0.0,84,0,0,0,0,16,5,10,1,2,0.0
39.99,0.0,0.0,0.0,68,0,0,0,0,16,5,10,1,2,0.0
429.99,0.0,0.0,0.0,39,0,0,0,0,16,5,10,1,2,0.0
199.97,0.0,0.0,0.0,86,0,0,0,0,16,5,10,1,2,0.0
17.0,0.0,0.0,0.0,89,0,0,0,0,16,5,10,1,2,0.0
14.99,0.0,0.0,0.0,92,0,0,0,0,16,5,10,1,2,0.0
79.99,0.0,0.0,0.0,66,0,0,0,0,16,5,10,1,2,0.0
99.99,0.0,0.0,0.0,100,0,0,0,0,16,5,10,1,2,0.0
87.99,0.0,0.0,0.0,99,0,0,0,0,16,5,10,1,2,0.0
24.99,0.0,0.0,0.0,77,0,0,0,0,16,5,10,1,2,0.0
79.99,0.0,0.0,0.0,100,0,0,0,0,16,5,10,1,2,0.0
267.0,0.0,0.0,0.0,92,0,0,0,0,16,5,10,1,27,0.0
8.39,0.0,0.0,0.0,76,0,0,0,0,16,5,10,1,27,0.0
849.99,0.0,0.0,0.0,74,0,0,0,0,16,5,10,1,27,0.0
179.0,0.0,0.0,0.0,100,0,0,0,0,16,5,10,1,27,0.0
499.99,0.0,0.0,0.0,90,0,0,0,0,16,5,10,1,27,0.0
14.79,0.0,0.0,0.0,94,0,0,0,0,16,5,10,1,27,0.0
798.0,0.0,0.0,0.0,70,0,0,0,0,16,5,10,1,27,0.0
499.97,0.0,0.0,0.0,63,0,0,0,0,16,5,10,1,27,0.0
214.0,0.0,0.0,0.0,79,0,0,0,0,16,5,10,1,27,0.0
109.0,0.0,0.0,0.0,85,0,0,0,0,16,5,10,1,27,0.0
348.0,0.0,0.0,0.0,77,0,0,0,0,16,5,10,1,27,0.0
127.0,0.0,0.0,0.0,69,0,0,0,0,16,5,10,1,27,0.0
948.0,0.0,0.0,0.0,94,0,0,0,0,16,5,10,1,27,0.0
799.0,0.0,0.0,0.0,64,0,0,0,0,16,5,10,1,27,0.0
0.0,0.0,0.0,0.0,78,0,0,0,0,16,5,10,1,27,0.0
15.99,0.0,0.0,0.0,100,0,0,0,0,16,5,10,1,27,0.0
107.0,0.0,0.0,0.0,92,0,0,0,0,16,5,10,1,27,0.0
199.99,0.0,0.0,0.0,79,0,0,0,0,16,5,10,1,27,0.0
99.99,0.0,0.0,0.0,100,0,0,0,0,16,5,10,1,27,0.0
349.99,0.0,0.0,0.0,100,0,0,0,0,16,5,10,1,27,0.0
299.99,0.0,0.0,0.0,70,0,0,0,0,16,5,10,1,27,0.0
749.99,0.0,0.0,0.0,100,0,0,0,0,16,5,10,1,27,0.0
404.0,0.0,0.0,0.0,100,0,0,0,0,16,5,10,1,27,0.0
189.0,0.0,0.0,0.0,99,0,0,0,0,16,5,10,1,27,0.0
198.0,0.0,0.0,0.0,70,0,0,0,0,16,5,10,1,27,0.0
899.99,25.0,4.5,127.0,36,1,1,1,1,17,4,10,1,12,82.0
79.99,40.0,4.8,89.0,31,1,1,1,1,17,4,10,1,5,95.5
299.99,35.0,4.3,203.0,31,1,1,1,1,17,4,10,1,14,90.8
